split,Complex_ID,reason
train,4e26,no_pdb
train,4e93,no_pdb
train,3e62,no_pdb
train,6e99,no_pdb
train,3e64,no_pdb
train,4e20,no_pdb
train,3e63,no_pdb
ext,1EVR,short_seq
ext,5USS,short_seq
ext,4AKJ,short_seq
ext,3SGP,short_seq
ext,9DME,short_seq
ext,9LVX,short_seq
ext,5BQQ,short_seq
ext,3ZU1,short_seq
ext,9CIV,short_seq
ext,9B3A,short_seq
ext,5URU,short_seq
ext,2OLZ,short_seq
ext,5HRQ,short_seq
ext,6WXM,short_seq
ext,9B3C,short_seq
ext,2OM0,short_seq
ext,5UU3,short_seq
ext,8IPZ,short_seq
ext,9LVC,short_seq
ext,6H3E,short_seq
ext,5HOX,short_seq
ext,5UU4,short_seq
ext,1EV3,short_seq
ext,8T82,short_seq
ext,3ZS2,short_seq
ext,1GZY,short_seq
ext,5HOY,short_seq
