PDB_CODE,Predicted_Value
5RK9,6.513511236484653
8CPH,6.424517937277022
7ER8,6.938393016442472
6NWK,6.938822530269391
7B31,9.20931281535166
8U4W,6.942616523154397
7R4K,6.938366603482532
6I2Y,7.7819249570455495
8A31,6.938365065086309
6XRL,7.714458770622072
6WHA,6.549209964202167
5RK2,6.221277192426009
9AS3,5.83417579773301
7R9L,6.606013845287551
7AW3,7.320704379538508
6YB8,5.401778228120303
6YV4,6.264770992762035
7VUE,7.010560406154527
7R9W,5.217242995522932
6PKC,7.1042185347337075
7ZLR,6.9621869114981205
6DXL,6.806690402622739
7CKF,5.519676907914771
8DU9,7.286683724036519
8V6Y,6.632216568729534
6NJS,7.2207153832340625
6HCY,6.938366603482532
8SS6,6.883740248569646
8EV1,6.298919012586165
6DW3,6.875121140395167
6KHE,6.971962884475966
6BMU,6.972721739803084
8TU9,6.998025731521589
7X9D,6.522610804424543
7FT7,6.1005918513312505
7FV2,7.124110805946369
7M44,5.331704571225188
7BGQ,5.6129736184277785
7WGP,6.753318610902161
7FQL,6.938357680937899
5RKL,6.439636062948607
7WMM,6.79215424085738
7FVE,7.098392547956859
8YP5,6.513337636292208
6TFV,9.597515310983095
7EVJ,6.7691729516937675
7ZXB,6.918767370637776
8T4M,7.322836167303734
6X83,5.738227734751284
7CBX,7.201349794176202
7P3B,6.679116648308666
7FV1,7.283984181291236
8JTT,6.871975469182611
6KXY,6.983497553031659
6TR5,5.00039213849041
6T2D,4.690084251648084
6H22,6.645323518047027
7AAZ,8.560705446029687
7EM5,4.761826867556562
8OKU,7.144510875077603
7AVX,8.879868212472259
8J61,7.554228684538321
7M0K,6.541155950859135
7EZF,5.2885688992765125
5Z8Z,6.045527412529881
6DHC,6.939392453780863
6LG8,5.104270304088445
7M45,2.4773111218856707
8P77,6.394721540648847
7A2H,6.166999550271
6TI8,7.493499252478609
7G87,6.661403394336796
7R9T,7.077213119252352
9L3T,6.819190980634704
7MIG,7.251795250501802
8P70,7.518404534862715
8DZQ,6.905997275729398
6YLL,7.070806013702822
8CQL,6.938461999145247
5RK6,7.1966278684110785
7UL3,6.940933083249986
8DUB,7.075339507846597
6YXI,5.592961068632601
8RBC,6.936371165906252
6YEA,6.810449054232238
7U8V,5.393647930978627
6X3Y,6.495981394942143
7L9A,7.863628845816172
6XD3,7.333061378392
6PNX,4.628208293313562
8J5W,6.943433306356309
5RJU,5.299421993638545
8GMD,6.938366603482583
7KVZ,6.783315496781296
8VO4,7.204762332296826
9BCV,4.464744526279921
8C13,6.940407997599959
7AW0,7.213872210136053
8CSG,6.470377760556729
7HBL,4.67640019560911
6I29,7.029433569643243
7KTB,6.615914665680948
7T4V,7.151152853905661
7MDP,7.281381936511016
6VQM,7.913809368299626
8PO1,7.585253018631632
5ZYJ,7.177268688195647
6TEZ,6.366768243283653
7M05,6.506437076348585
8TSA,7.480946440387736
8XB1,6.8376582464231515
6K3E,6.336669004831517
8J3W,6.167221645205083
7UL2,6.800641879043916
7GTF,4.307153546678205
8EWV,6.938366543512962
7T2X,6.6485381674197805
7OVI,8.236268735317909
9NC2,8.064856005943579
7NM9,5.647452643012778
6A1G,6.5165835995720025
6WK0,5.46484414216234
7R04,6.819446458684263
8P4Z,7.169518659362786
9D5J,6.420337786054261
7N9G,6.7327359009977386
7MXC,6.375094018126855
7BDT,6.881096156411284
7D42,7.282405854693361
7T0P,8.257652968553971
7ORT,4.998549860264493
7HB7,6.960199372943761
6V8B,7.0145438318059945
8FXE,6.919284173819909
7EFJ,6.941856922843223
7Z77,6.9397126820927335
8JVI,7.208984861198213
7K6N,7.22204971851963
7LW1,7.280872091905871
8EXL,7.732862751140192
7Y7Y,5.841947732289542
8CD0,4.804173892974348
7UP4,5.423442542397966
5RJT,6.652766584419372
7AAB,7.461729710858472
6YWB,6.938363500592215
6CYG,5.882084096048123
8B4W,4.148006995558534
7N7N,6.663419092534533
7YNL,4.109390920373583
6D0F,5.880423737714773
6HEV,7.899789716815556
7SCE,6.938455628330539
6T2F,4.872822926475289
9BLH,7.472898955092733
8PQI,7.315707557056973
9EK7,6.611615792470599
7R9Z,4.838491195746464
5ZYH,6.648505479754291
8STH,6.621734502210581
6RJQ,6.938365371514118
9CGA,4.58891996682925
8IRT,6.779188544432357
8DUH,7.113719468703295
7M5L,6.9375495946025465
8GLI,3.442816246725351
7F7W,6.599838563365514
7Z4V,6.80836193577766
7R9P,7.186177164451967
7CIL,7.182325673699862
9FS4,6.925906300164949
8FP3,7.083488723337803
6T7Q,7.057360049053016
7DUA,7.992159076125047
7EJA,5.789649126252853
7UKW,7.361622627344176
5RJQ,4.216716098397738
5ZXI,6.406601001881496
6YID,6.122107691930173
6Z59,7.325547769031088
7T4T,7.395149874431201
6WW8,7.02098184818928
8PAS,7.294696919431747
6TLW,6.89090732132099
8HUP,6.897569660041103
7QGP,7.593594305962577
6AAR,5.612570157986497
7FVH,6.984041931904902
8AEU,5.22590945285076
6YG5,7.159574006625511
5RKM,6.511474980265079
7FTD,6.737516798550536
8V79,6.966188718428261
7YNF,6.694963192436256
7M0A,4.834866022214696
7AK2,6.819970270047495
7FT5,6.218731817454221
7X6I,6.95774164205022
7OY6,6.041584774852533
8X8Z,7.322333396088015
7WGQ,6.863439218762199
6TE2,7.277682832531334
8P6V,6.4587503749367094
7DHC,7.326103705118173
6Q3F,6.891791292479147
8G8O,7.649916399686401
9BGH,6.938325968917307
6PJJ,6.7271838976321785
8AXZ,3.4571690916628928
7FH2,6.938405764302574
7MFC,8.425813868212618
9CJ4,7.287732946430482
8XV9,7.384886941105142
7BCM,5.463833025548437
7SSM,6.537472222956091
7M2O,6.8706744718696555
7W9M,6.936151806862764
7B35,9.163049715842408
8ARX,6.5970280141364865
8C44,6.938438496664403
8R9U,6.938839180897502
8FKO,6.9821351894135395
6RA5,6.244609798287036
5RKS,4.347918222519224
8AAI,6.642104384266264
7OPG,6.118119838267415
7RN6,6.9166351041786935
9CFI,4.630194465517674
8UTB,6.7780737122913655
8P04,7.655632151220665
6GWE,6.930561446482746
8UWL,5.590445722098772
7NXJ,8.212889665671142
7RS3,6.954749939263968
6VIW,7.22683088180914
7BPY,5.5704253582309775
7Q9O,3.710360003150579
7ZVU,6.928409964513785
7ZU1,6.999567367339668
6D9H,5.710106064191828
8S0E,6.938366471985048
8AHI,5.784803330297436
5RKD,6.095442045295691
6S26,6.9383269903203155
7ZVK,6.938366603465161
8DEG,7.426572546122992
6L16,6.070152065703615
7FXZ,6.938366599843011
6Z4B,7.706946107932726
8P6Y,6.49858180644093
7G8Y,5.9817867770764
6TLL,6.900594253842658
7CJA,7.632845637295821
7JXI,7.930078299548969
8DJE,7.381273892190512
6NKP,6.475043926947487
7WSM,6.938408618526051
8P6W,7.298111139848
7ER6,6.9383976940954435
9EVJ,6.705741125337004
9DME,4.917615551122559
7C7H,6.938366603482532
7YL2,6.236710155690013
7O1U,6.889245433840139
8AGJ,6.562553462604587
6XRN,7.226659483786949
6ZUX,6.770664673554586
8AV4,6.6749667822749155
6RWU,5.976789311998208
7B3V,7.155850245098459
6K0J,7.118050168626897
7A4R,5.302620886729386
8BM2,7.847209498217914
7FWE,6.485061806526066
8FUP,6.805745380601463
7UJF,7.0832671945518415
7JQG,6.600622747846052
7FY6,6.667951943268558
6TEW,6.603165642974621
6RSD,8.188057734425827
7DHH,7.068004698925056
7P2L,6.938250498095028
7ERK,5.645225768165529
8WZH,6.797967204557001
8JP1,6.938366603482532
7G8U,5.40272929142006
7ERD,6.9383913565601905
7CMB,7.2762592066245
7CMW,7.406219208879581
6Y6N,6.844472921909798
8P08,7.246565082771044
8JFK,6.792997001176217
5S8D,4.973758693385891
8JF1,6.932111545622004
7FSJ,3.709889270028871
8P01,6.938366340725178
7QPN,7.275382883487283
6VGG,3.7049589470029316
7G0V,6.691112806693296
8V6Z,6.85897499166717
7FVG,7.464184391928817
6YVM,6.275625577463842
7FUW,7.077909254578658
7FSN,6.923132314632609
7AJ2,5.493080592083942
8Q1Z,6.697888380174165
7G94,6.164586252322842
7FSX,6.820838485587451
7FZ1,6.9294264234734495
7FVM,7.123514165438394
8XU4,5.362074188314763
7RUY,7.039639650540876
7VRI,6.16481446190112
7FV5,7.530687210829707
8ZLO,6.914173096344702
7LEM,7.627582452987418
6VJD,7.497887918204308
5RJM,7.18608409566801
7YAH,5.727167498266208
7KSI,7.527193789229777
8C3R,6.277609232691719
7BIQ,7.094123284865542
7FV9,7.116524277946827
7A1Z,6.163388633048942
7EPB,6.803476775999644
6T6B,6.900520801985531
7A5B,6.735240556421692
7SFO,7.390800087311526
6TNB,8.312963990489866
6V5N,7.976613253357952
8CQE,6.939233168170133
6UL0,6.98930212015051
8UCB,7.062096595232656
6UKZ,6.940858765596533
6EQP,4.3514280772734715
5ZYI,7.230529994287471
8T1D,6.956431865230231
7SIN,7.401637668223806
8TU3,7.777065849540266
7EM1,5.37354113187742
7NPG,5.332916006464366
8HV2,5.119531854540693
7EHY,6.795321785623576
6LTK,7.033680957140884
7EVY,6.983722229406405
6Y4Q,5.7938107926582365
7F1Z,3.7060887335016153
6VNE,8.209896930034072
8G2E,6.720984320289475
7LF9,6.276479692627503
7Z5W,7.176030601497207
8GVJ,6.972616306324211
8BJU,7.939246158376361
7DJO,7.112057127810817
7KT7,6.464696232411461
6TN9,7.129559586532981
7CP4,7.430661022831504
7R7R,7.63278897265748
8FCB,6.90734569760973
9C55,7.0027315645168065
5SAW,7.459985805392119
8BQ4,6.432293532921799
6S75,5.804765344452992
6VKO,7.359075186263884
5RJO,6.856220590213625
7AJY,7.345131390263938
7CP3,7.378780040298739
6BKU,7.875057427356304
9BRE,7.711806947494547
9ET2,5.3614584263346785
5O9H,6.624825846173219
8FY1,6.938366610594706
6ZZ1,7.662840963304942
7JHD,6.788045372807973
7Z61,7.436486306234132
7YL1,6.901860232715406
8FKF,6.935006406334464
6Z57,6.552642393157522
7VCU,6.937751203678846
8BXS,6.293686141187305
7E5F,6.693432970552091
8ADM,6.9383433421090475
8PTX,6.416160814401105
8BW4,7.207374740498796
8S0C,6.935736689680226
7TVA,6.961244202061803
7VCT,6.936781614761884
6VQL,8.054768986779973
6N3N,7.221772839423112
7Y28,6.822858151881413
8W42,3.645715913255019
7ERC,6.938391148861515
8IO0,6.882245051757007
7AW2,7.171348479388286
8SS3,6.562432674649692
8V6X,7.001469830033361
9BPY,6.643839423592496
6B99,6.222860351979004
7R7K,8.291962219886015
7TVB,6.954392221011183
5S8L,5.015041584122862
6XXJ,6.938368369519589
7K7O,9.436644503066361
6OP0,7.66479659957539
7G0P,6.938365651074058
8RBB,5.842431987483873
8EV2,6.352079573763215
9B4L,6.251058177532744
5S8N,5.714987985612343
8C1Y,6.707046652410706
7E2G,5.051792672228351
7NMW,5.228934402684418
5RK7,5.899252087883198
5S8G,6.625574901639157
6LO2,7.398243126152932
8P45,6.938366603482528
7RY1,7.2543030565449405
8AGI,6.577080221772073
8DUS,6.842466207582072
8PQH,7.273567399940938
6IZN,7.677302122362816
6SIN,5.004143344498788
7BGR,5.167011524570476
8STE,6.151697754930706
7Y1G,7.298335591075682
6EO9,6.473998334572062
7FV0,7.52819916621698
7UP8,5.4018650971978115
7FHS,6.923305996657761
8PBO,6.72407516680918
6KAY,6.9376896999365565
7RV0,6.817889082203073
6THX,8.507363374092888
9FFC,3.4181681184635027
7VSG,6.939919108207305
7K6M,7.17495590628618
7OAJ,8.064331756429288
6QGJ,7.086475858192585
7G0Q,6.932795916130238
8GUA,7.540052404090697
6KTN,8.373488303189763
7G1L,6.938174552513814
7ZI0,6.9894278646354175
6XBL,6.886929977456521
8BZP,5.768990444149887
9CHV,6.936317191359842
7ULJ,6.504634353059843
8TWY,6.946573490774491
9IOL,6.9353982726305725
8F0J,6.938321057640683
6SQ0,7.653306929448531
7FZP,6.938328700581918
7LGS,7.7736626403164095
5RJL,6.37377743813941
8PPC,6.599202073576228
6T41,6.547004551111416
7RS8,6.922391654100213
5RKG,5.521020336428752
7PW7,6.8603932853082785
7FUV,7.4074159921798675
9F7X,5.105602786491783
8V8I,7.75067044226119
8T50,6.599260959705833
5SB1,7.663661861480089
9B0U,6.864711825877442
7LEL,6.995954511558199
7N3U,7.694017262396131
7D73,6.9259858749638425
7G0T,6.900568564286072
8X7G,6.948807023662201
7KP9,7.064535578286473
6YIK,6.919799263228455
8C2Z,7.803438392328703
6VPF,6.7889579626058945
7FWH,6.5303200408292925
6V8T,7.1470242373805
8QJS,6.938829616660738
7SUF,7.189152487814171
8QXJ,6.701010566026243
7RR9,5.8895970321499425
6Z56,7.623117188164032
9LVX,3.676688950402218
9EE8,5.967665417295167
7RS0,6.45101344778184
6K42,6.433960602375937
5RJR,7.145993816462185
7NA1,7.153126346444474
7AAX,7.992687115205876
6U5L,7.254816813130786
7JIU,8.461516481159213
7VQG,5.9552849464467705
8G0L,6.938366603482564
8OW2,7.768141373693203
5XRD,6.396345375983026
7C05,6.933768172886484
7OBT,6.65501683525321
7RA0,5.377638464426912
8TXZ,7.376485766930729
8JVJ,7.068009100591995
5RJN,7.089456946678899
6YKY,7.444098329430648
6PT3,6.719186130266873
7OVL,7.743537257313957
7NTC,6.9382740286048366
7G1K,6.9383574286025
6FH5,7.286383527590798
5RKU,6.943644815920752
7LFN,3.2681663122691855
7JNI,4.56686687699038
6MA5,7.001684644312716
6X7U,6.80684362918396
8TFA,6.8990703755189084
7EZP,5.70626165040938
6ZOR,7.603420886359252
6SQU,6.774455834529527
7G8C,5.239433526093576
6TES,6.471510875929733
6UEL,7.093009860517195
7KVX,6.938364330991766
8YH2,5.879513658292316
8JN8,6.706971391495288
8XB3,7.006883046263071
9FPX,7.134598969772312
7FX9,6.569388698883246
7W9P,7.145184236343936
8QNI,7.12802391116834
8BOG,7.152667974475288
7F3G,7.235479905891265
7C2V,7.90978639827829
7WSN,6.938023276756342
6U9B,7.003479816230689
7G9E,4.16374598042786
7FSW,6.294477902092368
7A4S,4.358675969539772
8CPI,6.81398130534246
7ZLO,7.3426430446720286
8P76,7.944946043918478
8W4A,6.651570112816027
6ZV8,6.837857031460787
7YXN,6.935775618110659
5S8K,3.6082673936486134
9EE9,5.18359081902357
7KX8,7.520344992977284
7REM,7.145648734661329
7SZQ,6.939372539463547
7OXB,7.497931634744903
7WMQ,7.060525055049859
6SZM,5.236487488083572
7EM6,5.74585167536795
7L26,7.51754277484854
7VCX,6.933290835805997
7UDP,7.938022992114982
7G8H,5.280057925166143
7AKA,6.8273944068573496
7JY4,6.576758341889796
7AYI,7.829192368493006
7U2Z,6.742274899277229
8BDO,6.9385941059215686
7A1Y,5.652512413162612
7RYN,6.938278354524631
8C3Q,6.198139075086065
7NA2,7.126809887567889
7ORF,7.97453218264889
8PU0,6.473658350297116
7NRL,5.3503874393177915
6XXK,3.78563305238161
8W5C,7.100883568062186
5RK5,6.006760576602357
6S73,7.52095856952647
7T47,6.938366586626972
7FYO,6.871239172773857
8JU6,6.969507579442307
8PTY,6.474885112360937
6TFY,9.332612792828787
8AQ1,6.63386172437592
7L9P,6.938141701825765
8FV4,6.931284834685169
8S99,6.865313407143528
8FC8,6.90734569760973
7OVM,8.244386960702267
8C8C,7.569719546801882
6TTP,5.7943383053179165
8TYV,6.971374115909548
7B5O,6.823902633847217
6N0M,6.419539288259367
8JU5,6.415848397278818
5RJX,6.2209307418170185
7CMU,5.456945763774238
7RS1,6.938115975763018
7Y7W,4.332721836425819
8UW9,6.971307435358467
6UAB,6.032352713243128
7MCE,6.985564037844016
7S1N,7.731366538178473
7G1G,6.941282692918318
8RPS,4.532365108117283
8U5Q,5.139393326519874
7FWK,5.951908402195334
6KO5,6.938385887902851
7OQU,5.188448916198279
9N0X,6.940640776738345
7KTI,6.77461743057953
7WET,5.221677689763316
7DFP,6.73888799576312
7KP8,6.976872055824805
5RJY,6.26189141563023
7MLK,6.64802892606618
7DL6,7.051035043731574
7N9O,6.924069134515728
8F0Q,6.904346758727675
8P7L,7.71335234212807
8S5W,7.3079962314718045
7A53,6.003054848557347
8FLK,6.9383480597514025
7S84,7.604781643437184
6UKU,6.790202855226072
7FVI,7.054273645751861
7UAD,6.243607309459056
6MHB,7.082282376673656
5YVB,7.036578231204091
6YTD,6.522344596165473
5RKB,6.710288457191485
8T8M,5.666570503328572
6TSZ,6.943620116331525
7Q8W,5.045897403594012
7XM7,7.154566666688126
8W9B,7.568284325506701
8AGL,6.430346070574907
7W7E,6.1881243464262745
7OAI,8.038655006784417
8II0,6.726051226984082
6FCF,9.013127712312217
6CD5,7.2599145541811225
6RNU,5.5163343057709975
7ALE,6.637191682604371
7K7Q,7.351765611157475
8DK4,6.8608694966416035
7MGK,7.727911800196068
6SIS,6.938638837998392
6TA0,5.724527507895509
6Y6H,7.094581885664513
7X2U,6.626472565596149
8GT6,6.930813884541784
6ZUG,6.330989939317099
8G6T,6.938366569467931
7ZLN,7.096809699078495
7R75,7.134173501863989
7FV4,7.357582915173523
8TF9,6.089585078362163
7L25,7.60538197751355
8DV8,7.003735627539769
7DXL,8.1397997592136
7JUZ,4.12715190924769
7QUF,7.27641971649752
8IK3,6.937601191539614
8CHS,4.77640464269356
7SOL,6.962241787560305
8BWX,6.017247215548816
5S8J,6.573583598297726
7FQN,5.439559812755145
7GS8,6.656590891751623
7G0Y,6.691337081404753
8P0F,6.9421365911137185
8A5W,4.68276340510792
6YR9,7.691017562076811
7FVR,7.037214854070483
8FUG,4.924565921576592
8FY2,6.938365137268906
7NRK,5.62524472734405
5ZXB,8.555515414660489
8U2D,7.887316620751279
6J7X,6.9377104707901935
5RKK,6.201009717097734
7UP7,8.5413521227435
7KT1,6.844843258517462
7NXK,7.95020105263613
7JWZ,7.781391411211947
8BW2,6.413178194248442
6BXY,7.478843089005856
7OBH,7.023911884264309
7HB5,4.908655521235857
8WZM,6.820778368271816
7G1Y,6.776747616142587
8ATY,6.896700896874175
8V71,6.895172308568144
7BTT,7.656129786666062
6L20,5.497169764360443
7FV6,7.290705881269504
8BWZ,5.930475174141169
6U99,6.944053340789572
5Z02,6.598095815919054
9CXG,6.510496486710424
7MSD,7.162168934792325
7AJS,5.821054993482936
6PYS,6.7221273984776895
5OXG,7.725823723430519
6OWC,7.302583447439885
6ZCQ,7.395762372256825
6YLK,6.497165683014012
7SJ3,7.287986620759561
7FVP,7.344664488570174
9CT3,7.157458386367767
9DTQ,6.716769052373293
6VWC,8.132629632698588
7ZH8,6.385665612425104
7FT4,7.8347778216788795
7UGE,6.9188792019036
6LUQ,7.04386360087681
6GWR,7.823058487227235
7A55,5.8265819020007985
7OUB,6.918203972856858
7U4R,6.938288299657144
7FVA,7.184141293948344
8R8E,7.0977480938102895
9CBM,6.1351484866415555
6HD1,6.938366603482532
6W45,6.89347079560783
6P68,7.4529669092679365
6MA3,6.9731630068068595
7FSM,6.6355803729798515
7NFB,5.344417420305909
7JJG,7.06442434594507
8F7V,6.848272661590873
7FYH,6.601471144984101
5RJK,6.733202419826785
9DF1,6.917365903047847
7CGP,7.068227890113009
6YDB,6.671901542791962
7DSQ,6.560396795344422
7TD3,7.031467157942397
7AAY,8.82196639863591
8IRS,6.93997212662487
7KPA,7.799436423777074
7V2J,5.182373136656546
7ZTZ,7.007957407963995
7S3P,6.675798997736585
7UJ8,6.436316277746525
9D61,6.647139391977227
6RSB,8.306167420768002
6LZL,6.049451155970157
7O1Y,6.937394611007919
6R6E,6.515602368916478
7M0L,7.197516189317161
6VMS,7.106564735835848
8FXO,6.935712710454082
7A4Z,5.313698607379149
7A5L,7.583325215791893
7KK3,7.482089878224039
8DUC,7.422443516982166
9DMC,6.6039770118226295
7UC6,6.942250319426736
6ZUW,6.912848511444283
7G8L,5.316377223205486
7G0G,6.9214685940370275
8G4A,6.935824413045033
6Q49,6.860906665405546
7UHF,7.126441042358216
8PPW,4.944070883134687
5YVA,7.124250081410646
6YLC,7.756672202541251
7E5G,6.742460409528327
9GJ2,6.96519898946633
7C7G,6.938366603482532
8CDW,7.332162099862462
7XHE,6.8722670611211125
7JXY,7.586517646489709
7W5A,6.977993873037187
8W9W,6.928417380281116
7HA0,5.887858512305803
7YAI,5.794060332000126
7KAC,7.304394234680561
7M0M,7.246827708064594
6EDS,8.234302442498892
8DUK,6.869137404546875
8YHW,6.936482266521967
8PBP,6.970024654295528
7VFS,4.860536191206508
7UJW,7.164378962560803
7UPG,5.562921084581759
7R4L,6.938366603482532
8SC4,6.938287205868751
7CCW,5.604761162086564
7YMJ,6.394858213008597
7R4O,6.707531491049373
7FYQ,6.939587025809366
7UJC,7.1807253130077004
7W7Y,8.193178900097386
7WQQ,7.258106628565972
7JYR,7.845387673013971
6PRT,5.623777939605109
8VYJ,4.922237416335683
7A4W,5.642970445305468
8HMT,7.356920081467841
5S8C,5.0728538010817985
7S9F,5.691981892885973
8C1E,6.281337875169064
8XSN,6.446737597226197
8P6X,7.154855552546962
7PWD,6.560630763156571
7QUE,7.430350759883408
7JX0,7.830049499325708
9D3C,5.3094194320588155
7G93,6.434826493804724
7VCV,6.938191496295871
5RKJ,6.464219765616756
7AKH,7.112990743643216
7CR7,5.862916118797311
7RP4,7.229510862901762
6Y0A,5.922121542740669
8TZQ,3.6724325799872695
7NZY,5.3438827319147
7G85,5.195016411641619
8V74,6.805586222019868
5RKP,5.309428810261619
8AHG,7.045556078909174
7KK6,7.23042061012791
7AKB,6.3770126044304645
8K14,6.712249944492913
6OPH,8.329320228793586
7FVZ,6.786487962003274
7E5H,6.490764514823265
6ZC0,7.7144003610983685
6Q4E,6.43203950683113
9CXC,5.785581602778565
7UDQ,7.935103735539226
8DZR,6.694592255595989
7OAK,6.526155245461355
8OUS,7.4790614405785565
8S0T,6.938243618170658
6Q4D,4.675997396551752
8YEV,5.031389617027148
8V73,6.943348115816369
6P38,6.953717851290744
8YXB,7.032082974623576
8T98,6.9282975148389365
8GW0,6.906489602170725
6BMW,6.980497020447923
6UKM,6.966510327165028
9ET3,5.644631047563524
7ZTX,7.061803577406929
8HLR,6.9554285577557975
7XPY,6.372228999046163
8PNQ,6.226862532109083
7UJ7,6.487158323843262
7G8R,6.055625797886055
7U8U,6.733023720137081
7KP6,6.92648123002594
7AKE,6.790043720344424
7BGV,5.274431398807873
7Y99,6.938368898120173
6YF8,7.373176893753547
8P74,6.8746059958247665
7RNM,6.995719726094221
7FUZ,7.027333253631438
6NCO,7.409416961495224
8VYK,4.345915881638158
9AS8,5.941178781183368
6TU9,7.576307297424249
5XQE,4.736464472894591
7ER9,6.9383958008557896
7W9T,7.145420268408409
5RK1,5.751466262747108
7CCV,4.910664957220331
7EM3,4.269386947484584
7OLV,7.419899459309498
7RHG,5.644405314173108
8T1F,7.619110451648379
8TSD,7.112564545357783
8DZS,6.678302213775691
6V0X,6.882575538029657
8AHH,6.3249298828967975
8X62,6.909982545851853
6GU7,6.682504126186238
6ST3,7.283640724664722
8OUR,7.6488695557093465
8WSW,7.623975994446525
6MA2,6.968444612277688
6OAC,8.099051322713926
8C0L,6.320407213299733
7FSQ,5.405672855550797
7G8W,6.2571129414361195
8T8Q,6.931458694443847
8BXO,7.132410873834819
8DVB,6.996620116750794
7QG2,8.045289525016672
7YNP,5.854898939503896
6THA,6.847316742334015
7ER7,6.938391806317346
9B7A,6.938372321229942
8AQN,6.938231323539191
7JRA,7.5390571330266525
8V6U,5.860598052914476
7BQ3,6.913916938196095
7KPF,4.8753007748037955
6K05,6.459833346544183
7Y7Z,6.655924227840464
7EM4,5.161090952400162
7SII,7.100409823573215
8HF8,6.914168207405259
6YM3,7.272759444254008
8T2H,7.53195742498364
6FZP,6.948341480630222
8ZBU,7.158685295408089
8PQ9,7.636282168729791
8C3U,6.93808467648526
8PPB,6.394813078797481
7NA3,6.712297101443991
6N8X,6.6680291897926445
7SI4,6.923609686707762
7TUN,6.527230565798925
8ORM,7.96972858108233
7VWE,6.455051160146583
7O7J,8.11148721183492
7G8J,5.147373331304028
7SXJ,7.551460167663488
8PWC,6.930838831682188
7NJ8,5.073507603247958
7OAL,6.379813777143676
7A51,5.956206856693995
6VZM,7.230604795086282
7FQI,6.9379986227135255
8VA6,6.846758099001931
7CMV,5.891185946631107
8H7B,6.883350986422679
8Z6H,6.8102931517039815
6TBE,6.768872367349165
6CJ2,7.411411291385276
6W0Y,6.852074563184021
8CVN,6.312362100099832
6QTY,6.1522214675732645
8DUD,6.9312258225441905
9B0T,6.419751680014215
7U2P,6.570697683349136
8V76,7.001203935772152
8QNG,7.217103679612477
8KF1,6.89292124611414
7MRH,7.008356515229773
6RSC,8.089190813565205
8WYW,6.903079221624309
7QAA,6.857103769281256
6DMJ,6.100403606396667
6NCN,6.756833392187061
6THZ,7.818345981620966
7B30,9.310107347831778
8P81,7.362440450696398
7UYW,7.655796051598513
6LN1,4.944514990386809
7MRD,7.000097180387896
5YA5,7.625805948253378
7YNO,4.3989247783974985
5RK0,6.718387518980903
7ZWL,6.938366603185606
7FWW,6.939404930048573
9QB5,7.828842255516854
8FF8,7.406524988346357
7FUY,7.185956785988194
8DSY,7.4557395804952575
7YAZ,6.989700864678885
6UWY,7.904422549709938
7G8M,6.545730735112485
6L14,5.490702554086983
7VFV,5.128148528467961
6LKN,3.083279259980634
6XNP,7.007707861561781
7LJE,6.938346639242943
8PIQ,6.8930177183375845
7CCU,4.599410720889624
7V3Z,6.756720997841692
7Q1N,3.491966292432664
8BDN,6.938236563389268
6XF3,6.938366603482532
6U8R,4.865186807337156
6C42,7.646304491927778
8TDU,7.211207977318659
6SBO,7.100039322564436
6Q9H,6.060083610618954
7W59,6.599170359701912
5S9R,6.993717859686969
7NVQ,8.389293468587796
8PLZ,7.115659404330929
7MGJ,8.104658587536463
6X82,8.445573282191368
7AFW,6.563251849803553
7B5Q,6.938365299454337
8EXO,7.17990444563858
6YTE,6.841636907817753
6X3O,9.824121840596344
7LD4,6.124213518193661
7JVR,7.206067780077797
6GQO,7.960434201867676
5S8M,5.368411501320567
7LLA,6.613934361168878
6B73,6.934054789503128
6ZX0,6.284891149301668
6SLX,5.8415087626287026
7KK4,7.254269446721358
8GUD,7.52135462351311
8EX0,6.2078008932833475
6VXU,6.93848158405523
8W8K,6.394080727294293
8FHG,6.936599617448248
7FSL,5.537676487856002
7VDQ,7.558923135175892
7WI6,5.247015163444587
8JTS,6.822895938273167
7BSP,6.081429657343601
7SED,6.962525374826583
8P6Z,7.4915884494487965
6WPP,7.305795342764309
7U9A,7.107543581660259
6RLQ,6.875433361976846
7KTR,7.033804577511835
6P3A,6.938580203565291
5SAV,6.3334104801922555
8BA3,7.5701156767241935
8A92,6.93838944190689
9CFM,4.804913363526094
7DHV,7.4443021322529965
7FV7,7.28540765021144
7UXV,3.7084123146757775
8QTG,7.060500402778383
7G88,5.778276388840587
7FCG,6.682482643651016
8GOF,6.971554367296248
8U5C,7.044577381188076
7F9Y,6.8831488972107735
6VRV,7.519411625315412
7DVQ,6.832321570933368
9AU9,4.980794417009477
6YVS,6.618621100915513
8EUC,6.8014373523576275
8V6W,6.64903578294193
8STI,6.747894245619022
7T4I,8.0086176640583
7JOU,7.342877676369895
8ARJ,7.010333994908576
8DU6,6.930435929340887
8BZI,7.255430772506981
8E8D,6.135513045694414
9EEA,5.5312953365842334
7G8G,5.194663327882358
5RK4,6.467697391737984
9FZQ,6.812493422786592
9JBH,6.897304861447447
8IPZ,3.5693990128571027
7FUX,7.242045184309812
8AM2,3.61933176139869
5Z90,5.989840785154364
6X3D,6.927894109959916
7RS4,6.993666622010352
6UV5,6.780681292996157
6YF3,6.931236966709732
6L17,6.93957141591741
8ASF,6.9140480804686675
8R9O,7.951427586949608
6VEZ,5.394877882219819
7G0L,6.692087366441855
8PPI,6.32239517146333
5RKC,6.075348615873491
7O1W,6.9373958467315
7FV3,6.709075086210423
8BYF,5.838580935329949
8HUK,6.3596971977160415
8XWD,3.6689898233770717
8E5B,6.946299484790938
6T3C,7.6993154963609856
8FKE,6.932853294717518
6QST,6.601214365219578
6Z88,7.321150843952649
6Q9L,6.948100961968454
7G82,4.767970518298744
6YIL,6.71067147186573
6G0E,6.919622305298269
6MH7,6.703393507172937
7BJD,7.376693682656089
5Y2T,6.942650908960985
7RUW,6.180292779534019
7H9U,4.405754732919616
7Z6L,6.938435703805336
6T1V,6.948153908901835
7RKE,7.468804369451459
7C7B,7.094285229538653
7G1C,6.735682411427866
9LVC,3.746079671130039
6SFR,6.787858648403981
8DMS,6.731087021563436
7OY5,7.855526115097041
8PQ0,4.941118228839248
7E5I,6.474568536161773
7E2H,5.356839506698136
7R7S,6.944943223561576
8K78,6.619069079558241
9AS4,5.83417579773301
7QHG,7.989832115921622
6PMB,7.674620195854144
8TK3,4.823739770540209
6DI9,8.240842222854605
7KX6,7.031486067292831
8E2M,7.6631182233097865
8JFL,6.339895650958315
8UC9,5.327238595172585
7SCD,6.939021997585477
7RXV,5.9521877042126015
7M43,4.429093034847059
7RAN,5.30944209325868
7OLX,7.635237299366344
7G19,6.938364481982693
8P7J,7.448804741744387
6UKX,6.935889666067696
7ZUN,7.189881647637458
6SQE,6.738385993432958
6DXK,6.88744307456894
7G8I,6.789136251714053
8PO4,7.455282495869627
8CIJ,7.1519465514585745
8W03,6.699220991739318
9DNM,6.771326141854132
7VBT,7.4412108865495465
8DUG,6.8223449048703575
6MXE,6.766468996035913
7FZ3,5.58520177803758
6VGH,7.266141056185814
7REK,6.424327602042926
7B8W,8.037248674320804
7QVJ,7.017822768451505
6CD4,7.108397864089836
8AQC,6.866944510679733
8BWJ,5.9032710607419
8G0H,6.924695346629034
7MHZ,6.788958599641068
8CQK,6.939034434782838
7G84,6.463381776009619
7AK3,8.036307567697646
7WGN,6.680475403289507
7F80,6.562007616127518
8EXU,7.228386210968685
7VPI,5.890980886767941
8P72,7.563915727565796
7FVC,6.367800179378819
7EJV,8.034743456079692
8C3G,7.277956822654437
7RS7,7.071939324108628
7G8F,5.584096881266676
7UUU,7.6277576908654945
7AW4,7.47488734692567
8BW3,7.202778783870038
8PQF,7.7192617152843965
7M3J,7.187489134970031
7VD9,6.747704591383489
7KBS,7.324937248457604
8RB6,6.938366603482532
7FUU,7.201663359399726
8BZJ,7.123847779658781
7FUS,7.1677311547329134
5Y2O,6.997010884148716
7A1B,6.396574395139921
8HNC,6.847547082943141
7OB3,6.806219615885682
8V77,6.819522800322105
8CHF,7.153289193870293
6TD3,7.749135902183012
8GMC,6.93836660348275
9C18,6.938390522015552
7ATU,8.323820282418062
7PRX,6.943538273593553
6XIH,7.589902933496654
7S99,5.309592838326591
6Q4C,5.359224454266507
6BMY,6.953610819942809
7DPO,6.824077831067223
7AKF,6.303966252071428
7EFQ,6.939752186472226
7DH9,7.185543080505111
8BX0,5.707231805214525
7AJ8,5.523320809833377
8CSR,4.0422463254338865
7Q13,6.25293939681861
7CHN,7.675804978267429
7YAJ,5.552109777582338
7FVK,7.213672150706209
7FVD,6.974635162495622
9CFZ,4.652122514283559
7R9N,8.033631147742165
6JJ3,6.099849445144868
7HAP,4.6114504303165385
6XRM,8.819410936878127
8FEC,7.238835426117854
7AVY,7.963577812587435
8ZMY,4.675353248635524
8IVG,6.948905744995981
7EM7,5.757156249157026
7CHM,7.834392339121784
7PJN,6.888007427151112
7NN2,5.097520992328471
7M0T,7.043366089505209
7JXH,8.045600013319312
7VWF,6.298148013628019
7AB2,7.149219462071748
5RKE,5.677612094863488
8YGW,7.281665068546561
6Q9O,7.028764170696833
7G9G,6.802185610774054
7UP5,6.4626383739071445
7DHO,7.246766136177417
7O9Y,5.963602497705651
6RQ7,5.49028462700193
8X5K,7.783094890994993
8A62,6.9383489629626975
6L1Z,5.815694391726528
8V78,7.090144869054922
8DUI,6.87336847590947
7N7L,6.442557145890147
7OVJ,8.53083218047501
7G8B,5.277035362252718
7K6O,7.995248348129197
9C57,6.938490551730598
7LOT,6.828161428431132
5S8F,5.627522829601015
6PDO,7.007770279628072
6U9A,7.005607187878496
6M4U,6.999947908074964
5RJP,7.8065397830415755
9BQE,6.882204859714828
6UKV,6.940856347477963
6UIP,8.099361907587912
6CPG,6.784871636079242
7FZO,6.923510565579796
7G8V,5.639532187483004
6MD9,6.824190158086303
8UOJ,7.755509426358713
6HWV,6.918650484168333
8X73,5.29519778139505
5ZYK,6.944046835337376
7UJY,7.674429029929838
7UG1,7.333321286097286
8YF1,6.1248580274543905
6Z2V,6.533299029567793
7M2K,6.808146733649882
7RS2,7.014012420508571
7R9V,7.266139748941917
7MXG,6.800059060532508
9C56,6.951874603296185
7NMX,4.789565624236447
7NPB,5.975019241332454
6RP6,5.435649723887918
6DO2,6.512997342409206
7OVN,7.84635296116769
6VZL,7.175288446175561
6YT6,7.192274932009776
8FLM,6.938495845929456
7FVL,7.126239783766587
7R9Y,7.0096911097386565
7AJV,7.026346628457343
5RJS,7.403442011657689
5RKA,7.234374601554343
8BYB,6.23877100024864
6X81,7.038745738096309
6WXN,8.157764987511404
7KHH,6.948827764111172
8WTA,7.194888594284366
7FVY,6.690682146147683
6YF2,6.886724005613979
7FVN,7.151759785273125
8HNH,7.221626677772585
5RJW,6.237841369857901
7UAF,4.8609472751387734
8GJX,6.9383659001782
8BX4,5.802774135177706
7Q7K,6.040522874568355
8AAO,6.8380174956247455
7AW1,7.481637980434392
8FCA,7.043833237241313
7L99,7.651698110821174
7QJG,7.326976243100305
7B32,9.434733624980234
7Q7I,8.242093876487475
6LCB,6.327939912715828
7RBE,5.916247967029404
7FVQ,7.137161373544677
6KHD,7.069500250573904
7RRZ,6.9593880611419
5ZYM,6.729794982414026
7YIT,6.945095226778619
8U57,6.315302808475707
6J81,7.156248712438741
8X71,6.110587903345634
8U02,4.407889258755168
6OVA,7.776659524229835
6IF0,6.959279151149444
6TDC,6.848707006401094
7VJL,7.638899044904991
6CPF,3.6963876024045996
8TYQ,7.477536243130428
6Q4F,3.3130257130474186
9LIZ,6.709019977289684
5RKH,4.854441809850016
7SIU,7.679947270283502
7L24,7.395474627414228
7CHT,7.879393087058398
7BU4,7.749842877700564
7H9W,5.310544397184136
7XHY,6.810445667725853
7WGO,6.783395761717704
6VI4,6.516366148139595
7HB6,5.262316059195278
7VXG,6.9375863418950106
7FUT,7.279683680279067
7JWE,7.026760946188787
8Q6R,6.737520863472212
6TNC,7.472682719579531
9IJP,4.607114404175801
5W5Q,8.839681535741647
6VXR,6.938302652896817
8P73,6.7924047607513565
8Z7W,6.93832873133417
7R60,7.269205702877921
9AS7,5.941178781183368
7ONR,6.911026231249516
6V1K,6.547738285578726
6FDZ,7.312141283102166
8JL4,6.662732592806872
7FHT,6.938587299391342
8AUU,6.938366603482532
5RKF,5.291997119458544
6KHF,6.479538006920345
6OAV,6.507548445827752
7SZD,6.312952195616393
8WZJ,6.822778376795915
8CK8,6.936041091197336
8IT6,7.012574127195489
7AVZ,7.946026768312583
6TGU,6.851233019004214
8FP1,7.719630474305877
7KTH,6.773516359074866
9C42,6.9118651511366265
7FVW,6.875739772649088
7A7H,6.546336604779859
5RKN,6.510063968332423
8EXV,7.327331866348994
8CZA,7.064618101476683
8BYY,5.959904990946952
7QGB,6.8756719475359285
8FKC,6.9356944164395475
8X7H,6.947155421946549
6Q1U,6.938366606162698
7S9X,8.461855700593306
6Z50,7.126470075951666
5RKY,6.820845045585559
7JGW,7.809712404444271
8BYN,3.8145333751407513
6ZPD,7.191519766983711
8UN3,6.891297271743211
8UOL,7.209433457887242
6EGD,7.134333550637676
6Y1P,7.040955911146959
8U0H,6.898365287159449
9LJ1,6.886028593052966
8TUC,7.4156712968532945
7JUO,7.231895776870903
7UP6,7.3479496623355685
6M3I,5.3774862239966295
6HP9,7.424517233538578
7FQH,6.934356819845918
7H9P,4.294362332560776
6XBM,6.976147719263357
6WNY,7.011474739137409
9BMH,4.984886526610802
6RJL,5.735415403610071
5RKT,6.355104027426162
8DV7,7.14085068467475
8TBU,6.976254060307799
7K15,6.942534607797312
7YI7,6.572560860404563
7TE7,6.8718455068467215
7QVL,6.9269663054997235
7JYS,5.583586565971832
8T99,6.485352142499281
8Q9S,8.632760248593542
7AJ5,5.291941861347372
8OG9,6.937819540176542
5RK8,5.293721110283618
6Y99,6.750439135698751
5SAU,7.120207210177499
9B14,6.934360908550176
6CZ5,4.844895179840913
8PA6,6.824080574337532
6KBA,6.824923350745726
6SUO,7.250663067904579
8HND,6.864399096765543
8BYE,6.105108887642732
7OQW,5.267410697120162
7YNQ,4.08049589542933
9ESZ,5.061524588356115
6QXK,7.759999206634477
7LAZ,7.115456660333492
6JWA,6.923839388665329
8G1U,6.230374752883698
7MIH,7.0974759917218915
5RK3,5.433265605902465
6WH4,6.617234265477113
7BG3,6.93411048463863
6IZM,7.365169726120716
8HUL,6.450523965734925
7M5Z,7.303755605976912
6S39,5.042695441234561
7R4M,6.938366603482532
7AB1,6.497304354670696
8HUO,6.914079353432544
6SQF,6.827191620194575
6L13,5.468031410316847
7UGL,6.910287314544624
7UJM,7.692774957317305
8PM3,7.166260245171138
8S88,6.282793861536755
9FSH,6.801752632983558
7FYF,6.935537920188989
9CTV,4.641126809889296
7LAK,6.804141429739564
7FVF,7.4472656761845535
7KK5,6.9119695961349095
6SMA,3.8186152174119106
8JEW,5.20385569904472
6ZOQ,7.42738620142663
5XQD,4.7495810501310585
7ATS,7.807292300021656
7DHN,6.8762979010470024
5S8I,6.669643776182334
6ZGV,5.117728455696257
9FET,6.693814428352778
7FSV,4.1667677226613105
7FS1,6.1441458960060205
6L15,6.197802945928243
6FBO,3.631536718292036
6B0F,7.1978600510719914
8E8C,5.987404963798796
6WFV,5.895471499167437
5ZGG,6.938366603482532
8T82,3.5623551250004613
6YVL,6.274472647889794
7Z6H,6.938329151738686
7G95,5.889835625176376
7BQ2,6.793567759497303
5RKX,6.564071881499126
8X92,7.467878905721896
8XY7,6.339895650958315
6MH1,6.674132322811035
7FVB,7.182428891867978
7FVJ,6.938507436477611
6S86,6.938364497093668
7ZI3,6.888374066865353
8DSZ,7.113156942387129
8OP9,5.973382451457978
9BU7,6.93453010781726
7KKE,8.105366289546756
7G9I,5.04577725371128
9F7W,4.772426232978534
8XSM,6.7660253394657035
9ET7,5.359872262362272
6JJ5,6.686722052800079
8BX9,7.843112711506332
5RJZ,6.180267974689914
6ITM,6.524135890131258
6QE1,7.012620470469676
7DH3,6.859207879377501
8T5K,6.765871962816772
7ERA,6.938392724045977
6Q4A,6.728894717887142
8E8B,5.638952350791042
7O20,6.74103685926814
9INV,5.989006166107565
6UKW,6.940211494818686
7ZU2,7.065151213414876
7B1Q,7.13478201268936
6L11,5.801422376710149
7N3R,5.908549437231749
7AEI,7.946366869150203
8PAU,7.312662691897908
8HL7,5.480961634707987
8HCK,6.22461355964017
6TND,8.854239127386933
8BYD,6.211185632252091
6UO8,5.719243694500568
7KT3,5.3456430571289335
8AAP,6.849391785805824
8JNZ,6.337516579364246
6XLO,7.347090607883744
9CGB,4.70475454329746
7LU5,6.504495169801856
7P4E,6.6154149831365725
7GTR,6.278761311231868
7E0G,6.877352597311654
8QTH,7.018923836346795
7LH7,7.090608462466565
8FVF,6.916683378511212
6P3D,7.7967919718931675
7CD9,6.946204144032011
7SFL,5.65547066339485
7NWK,7.128091630013783
6UKY,7.149652907576847
6WUZ,3.5644370175247184
9CQC,2.9856783416873673
7XYH,6.297610740480227
8KEI,5.903902627410734
6SLW,5.014827228781325
5RKO,7.62784186294461
8P71,7.750884088640392
7NEL,5.913209762066525
7ERB,6.938390118172937
8V72,6.910666445876128
9IWO,6.911703673948011
7G1R,6.948750561531927
8DV5,6.928249967370817
6YIJ,6.938367682398348
7C2Z,5.964942543053843
6X1M,7.319265412531955
5S8E,5.347510384768534
6IEZ,7.115077926405813
7UN7,4.707103991321647
8OME,7.015217671870476
7VWH,6.776967770328963
7HB1,4.750412684649181
7D3E,6.936178205656024
8SS7,6.856666550891346
6UX9,6.6495798151927215
8JL3,6.937975729362172
7G8P,6.7128150608255694
7ZVT,6.931539272512404
8TSB,7.504140198963686
6NN4,6.328464088639637
8UQ7,5.2200298035971295
5RKI,6.689286828121505
6Y6F,6.870625167494662
6V87,6.611061486262743
6PZP,6.988135907501983
7AAC,7.285379897490056
6X85,7.069561471876249
8U56,6.778839125706851
7OBL,7.041173089871756
6YTG,7.426150740899958
8QNH,6.984929062903095
9JD9,6.003280685386401
7NFY,6.938367259805072
6ZOS,7.46138168151634
7DG4,6.922242817373339
5YV9,6.750263653826151
7FVO,7.046696859296765
8BY9,7.267825818950102
6YIM,6.291060496594406
5Y1J,6.735038874779146
7DPN,7.1384760403449885
6V0U,7.1631131915650235
7TRB,6.9383981600399345
8BDM,6.939446773191721
7JGV,7.7024554858309
5Z8R,5.951789632273048
7W7X,8.431402078221405
6VKQ,8.15885254583472
8IJR,6.937449065809092
7KSJ,7.715447075299996
7FJF,7.330367184566318
8VNX,7.146395342960916
8J03,6.040432452569579
6KXX,6.916711410956068
7MR5,6.994605882118992
7FIC,6.985708018437946
7RS9,6.97610191917186
7UKZ,6.959100221510731
7U99,7.8925853050272705
7NEZ,6.448437708001207
7Z5X,7.402162408481336
5RJJ,7.382028209212206
7G81,4.652648652465643
6GGN,6.652719248118679
6L12,5.541301171881118
6KZI,5.912476607721434
6L96,6.801327088873092
7V3S,8.045162704341674
7U8D,6.87933121597989
6OPI,7.31727932267902
7CR4,6.8518935508756575
7ZRB,3.960516854780702
7WEU,6.73635406223087
5RKQ,6.799111319120074
8BDX,6.938366597431475
8ARW,6.343530210031238
6MDB,7.011105934463131
8F7U,6.926601482283037
8ENJ,7.14579399517673
8DBE,4.455036354280619
7N3N,6.008093853123615
7G9J,5.108651369390763
7LM2,8.530938838688623
8BFF,6.637719227604117
6T6F,3.080641380308267
6GQQ,8.020281277912245
7DHK,7.299062851117003
8V70,6.636865032056386
7KHJ,6.885951532778375
7R62,6.862144086591387
7YAW,6.990712246874003
7XI0,7.272863200463375
7ZLP,7.017542499136428
7W0G,7.13302319584494
7P1L,7.363047809978199
6MA1,6.968692776550331
7SHP,6.938366602716251
8UH0,5.978813217642408
6Y3U,6.866213631537895
7T0Q,3.418435196912472
7KW1,6.938366583850329
8K6L,6.90345292361655
7ERE,6.938391310321002
7OTP,6.838317281518009
7BZT,6.992461504091676
8BXQ,6.965036081413704
8WGB,6.695143998044691
8BF2,6.826766388329574
8U27,6.976195498067034
6X4H,6.438759947433237
7BDP,5.287570609518805
9CTG,6.085455190744519
6X5P,6.933304289967707
5YAK,6.983117775843409
6X86,7.165997035416601
7CLH,7.558984011826553
6PDI,6.868107195865702
7OQG,5.453276172801073
7EM2,5.119073942042038
7EM8,4.844086114793508
7G8K,6.755792029374655
7SQB,7.109030558473963
8OFA,6.425940741243392
7AJM,6.772771819239759
8BOX,6.9380043530062245
7FV8,7.033702329669982
6C1B,8.080481425058732
7Q7L,6.9464227985925575
7G97,4.427798821710017
7AJ7,5.921607465630405
5RKW,5.9309415209721585
5RJV,6.6574764211517286
5RKV,4.110830592264132
5RKR,4.27508304785899
8FJZ,7.03055523550963
6K0T,6.947501692275187
8F1Z,7.643943660080691
7XYD,6.576150425104142
7SSE,6.964430539081796
8PT9,7.1614499111472325
8PTZ,6.567475515035053
9CBL,5.658433200446368
6XDB,8.004814467298385
6TEC,6.13818083381283
8C1K,6.926177980647703
8T4Y,6.155672198656433
7FXR,6.846557698702104
6MOM,7.844833155309174
8BEM,8.03425467301698
5S8H,4.733412227268095
8ILR,6.864537484061482
7AJW,6.683708761758893
8GVZ,6.648135365694214
7UGI,6.826987656896248
7FY5,6.675685720788751
6UBW,9.074317920722276
8GVX,6.832316186693423
6GIN,7.676526133624041
