PDB_CODE,DT_Pred,SVR_Pred,RF_Pred,GBR_Pred,XGB_Pred,Mean_Pred
7AK2,8.1,6.97,8.09,9.67,8.77,8.32
6RA5,8.1,6.97,8.18,9.34,8.75,8.27
7MFC,8.1,6.97,8.13,9.51,8.14,8.17
5DEY,8.1,6.97,8.12,9.26,8.37,8.16
5KAE,8.1,6.97,8.13,9.06,8.22,8.1
5RKL,8.1,6.97,8.29,9.0,8.09,8.09
9DME,8.1,6.97,8.17,8.79,8.39,8.09
5GRN,8.1,6.97,8.06,9.31,7.97,8.08
5QIX,8.1,6.97,8.06,8.75,8.52,8.08
3U3O,8.1,6.97,8.15,8.62,8.47,8.06
3FT5,8.1,6.97,8.27,8.82,8.13,8.06
4GFG,8.1,6.97,8.14,9.11,7.97,8.06
7BGQ,8.1,6.97,8.13,8.87,8.16,8.05
2WTV,8.1,6.97,8.12,8.93,8.09,8.04
5IA0,8.1,6.97,8.17,8.94,7.93,8.02
5HM0,8.1,6.97,8.21,8.91,7.89,8.02
5HQ5,8.1,6.97,8.09,8.77,8.15,8.02
5Q0J,8.1,6.97,8.09,8.68,8.23,8.01
4G9R,8.1,6.97,8.15,8.84,7.98,8.01
4EGI,8.1,6.97,8.21,8.49,8.27,8.01
