PDB_CODE,DT_Pred,SVR_Pred,RF_Pred,GBR_Pred,XGB_Pred
5RK9,5.04,6.514,5.367,5.796,5.97
8CPH,6.45,6.425,6.549,5.894,6.552
7ER8,5.04,6.938,5.671,4.69,5.34
6NWK,7.6,6.939,6.655,6.509,6.733
7B31,7.92,9.209,8.051,8.525,8.475
8U4W,5.96,6.943,6.48,5.692,6.49
7R4K,5.04,6.938,5.907,5.722,6.621
6I2Y,7.92,7.782,7.856,7.996,8.167
8A31,6.125,6.938,6.103,5.969,6.188
6XRL,7.92,7.714,7.672,8.274,8.068
6WHA,6.45,6.549,6.375,6.41,6.141
5RK2,5.04,6.221,6.11,6.343,6.629
9AS3,7.72,5.834,6.708,7.336,7.167
7R9L,5.04,6.606,6.546,6.152,6.525
7AW3,7.46,7.321,7.349,7.454,7.405
6YB8,5.04,5.402,5.409,6.112,5.514
6YV4,7.72,6.265,6.728,7.08,6.567
7VUE,8.37,7.011,7.554,7.883,7.744
7R9W,5.04,5.217,5.414,5.667,5.597
6PKC,7.505,7.104,7.14,7.61,7.182
7ZLR,5.23,6.962,6.243,6.295,6.456
6DXL,6.45,6.807,6.13,6.279,6.338
7CKF,5.04,5.52,5.419,5.979,6.459
8DU9,5.96,7.287,6.449,6.819,6.793
8V6Y,5.96,6.632,6.093,6.496,6.475
6NJS,7.56,7.221,7.102,7.296,6.665
6HCY,5.04,6.938,6.133,6.157,5.686
8SS6,5.04,6.884,5.956,6.656,6.857
8EV1,5.96,6.299,6.367,6.328,6.576
6DW3,5.04,6.875,5.405,4.83,4.687
6KHE,6.7,6.972,6.894,6.893,6.741
6BMU,5.96,6.973,6.877,6.319,6.374
8TU9,6.45,6.998,6.654,6.416,6.401
7X9D,5.04,6.523,6.085,5.954,5.951
7FT7,5.04,6.101,5.243,4.777,5.237
7FV2,5.96,7.124,6.406,7.488,7.229
7M44,5.96,5.332,5.793,5.654,5.291
7BGQ,5.04,5.613,6.049,5.868,5.992
7WGP,5.04,6.753,5.862,6.339,6.157
7FQL,5.23,6.938,6.366,6.057,5.622
5RKL,6.45,6.44,6.143,7.203,6.595
7WMM,5.96,6.792,6.457,6.664,6.872
7FVE,5.96,7.098,6.381,6.854,6.817
8YP5,7.66,6.513,6.92,6.507,6.747
6TFV,7.92,9.598,7.78,7.629,7.885
7EVJ,7.66,6.769,7.132,6.65,6.852
7ZXB,9.0,6.919,6.499,6.283,6.155
8T4M,5.96,7.323,6.004,5.61,6.161
6X83,5.04,5.738,5.599,5.91,6.035
7CBX,7.66,7.201,7.442,8.157,7.669
7P3B,5.04,6.679,5.143,4.51,5.101
7FV1,3.125,7.284,6.077,7.759,6.96
8JTT,6.45,6.872,5.701,6.458,6.618
6KXY,7.6,6.983,6.585,6.606,6.639
6TR5,6.45,5.0,6.133,5.812,5.482
6T2D,6.45,4.69,6.294,7.04,6.535
6H22,5.04,6.645,5.836,6.015,5.497
7AAZ,8.37,8.561,8.011,8.166,7.914
7EM5,5.04,4.762,5.167,5.235,5.368
8OKU,5.23,7.145,6.19,6.717,6.391
7AVX,7.92,8.88,7.866,8.094,8.451
8J61,5.23,7.554,6.313,7.434,6.869
7M0K,7.66,6.541,7.528,7.592,7.597
7EZF,5.04,5.289,5.777,5.289,4.871
5Z8Z,7.66,6.046,7.043,6.326,6.191
6DHC,5.23,6.939,6.695,6.514,7.064
6LG8,7.66,5.104,6.504,5.909,6.162
7M45,5.04,2.477,5.132,3.815,4.086
8P77,7.56,6.395,7.096,6.542,6.555
7A2H,6.7,6.167,6.173,5.167,4.866
6TI8,7.66,7.493,7.633,7.178,7.776
7G87,5.96,6.661,6.433,6.527,6.37
7R9T,8.37,7.077,7.542,7.622,7.365
9L3T,5.96,6.819,6.03,5.67,5.706
7MIG,7.505,7.252,6.972,7.872,7.953
8P70,5.23,7.518,6.272,6.371,7.056
8DZQ,7.72,6.906,6.474,6.046,6.676
6YLL,7.56,7.071,6.905,6.596,6.666
8CQL,3.125,6.938,6.187,7.193,7.176
5RK6,8.15,7.197,6.703,6.662,6.48
7UL3,5.04,6.941,5.906,6.001,5.798
8DUB,5.96,7.075,6.445,6.153,6.802
6YXI,5.04,5.593,5.932,6.532,6.507
8RBC,5.96,6.936,5.861,6.857,6.432
6YEA,9.0,6.81,5.708,5.071,5.533
7U8V,5.96,5.394,6.188,5.772,5.853
6X3Y,7.56,6.496,6.695,6.245,6.724
7L9A,7.66,7.864,7.43,7.733,7.984
6XD3,6.7,7.333,6.934,6.977,7.183
6PNX,5.04,4.628,4.998,5.062,4.759
8J5W,5.23,6.943,6.269,6.537,6.999
5RJU,5.23,5.299,6.267,6.689,6.445
8GMD,5.23,6.938,6.163,6.175,6.489
7KVZ,5.96,6.783,5.53,5.043,5.944
8VO4,5.23,7.205,6.299,6.364,6.906
9BCV,5.04,4.465,5.099,4.868,4.877
8C13,3.125,6.94,6.246,6.53,6.175
7AW0,7.46,7.214,7.452,7.432,7.525
8CSG,5.04,6.47,5.636,5.38,5.45
7HBL,6.125,4.676,5.236,4.394,4.557
6I29,7.66,7.029,7.144,6.964,6.683
7KTB,5.96,6.616,5.984,5.441,5.593
7T4V,5.96,7.151,6.348,6.722,6.441
7MDP,6.125,7.281,5.915,6.461,5.88
6VQM,7.92,7.914,8.093,7.817,8.189
8PO1,7.72,7.585,6.269,6.557,6.766
5ZYJ,7.72,7.177,6.51,6.894,7.192
6TEZ,5.04,6.367,5.884,5.419,5.889
7M05,7.505,6.506,6.176,6.882,6.103
8TSA,5.23,7.481,6.355,7.036,6.899
8XB1,5.96,6.838,6.408,7.044,6.808
6K3E,5.96,6.337,6.12,5.505,5.726
8J3W,5.04,6.167,5.957,6.202,6.3
7UL2,3.125,6.801,6.038,6.452,6.373
7GTF,5.04,4.307,5.103,4.46,4.252
8EWV,3.125,6.938,6.197,7.025,6.716
7T2X,6.7,6.649,6.843,7.001,7.068
7OVI,7.46,8.236,7.495,7.709,8.003
9NC2,7.46,8.065,7.389,7.988,7.354
7NM9,5.04,5.647,5.227,4.701,4.422
6A1G,6.7,6.517,6.713,6.684,6.484
6WK0,5.04,5.465,5.288,4.754,5.289
7R04,5.04,6.819,5.157,4.663,4.346
8P4Z,5.23,7.17,6.244,6.433,7.176
9D5J,5.04,6.42,5.051,4.793,5.11
7N9G,7.66,6.733,7.379,6.955,7.318
7MXC,5.04,6.375,5.513,5.269,4.817
7BDT,5.04,6.881,5.824,6.19,5.622
7D42,8.37,7.282,7.861,7.669,8.423
7T0P,6.45,8.258,6.806,6.483,6.381
7ORT,6.45,4.999,5.619,5.4,4.813
7HB7,5.96,6.96,6.516,6.397,6.075
6V8B,7.505,7.015,6.399,6.837,7.086
8FXE,7.72,6.919,6.506,6.296,7.393
7EFJ,5.96,6.942,6.13,4.873,5.671
7Z77,7.66,6.94,7.782,8.068,7.985
8JVI,5.23,7.209,6.092,6.057,6.98
7K6N,5.96,7.222,7.261,7.576,7.018
7LW1,6.45,7.281,6.684,7.506,7.409
8EXL,7.66,7.733,7.522,8.149,8.281
7Y7Y,5.96,5.842,6.163,5.193,5.738
8CD0,5.04,4.804,5.592,4.9,5.513
7UP4,5.04,5.423,5.086,4.604,4.276
5RJT,6.45,6.653,6.432,7.414,7.275
7AAB,6.45,7.462,6.855,6.257,6.048
6YWB,9.0,6.938,5.771,4.898,5.776
6CYG,6.45,5.882,6.417,6.016,5.916
8B4W,5.96,4.148,5.944,5.395,4.884
7N7N,7.66,6.663,7.527,7.694,8.085
7YNL,5.04,4.109,5.678,5.767,6.147
6D0F,4.01,5.88,5.557,4.879,4.988
6HEV,7.92,7.9,7.706,7.808,8.066
7SCE,7.505,6.938,6.032,6.93,6.308
6T2F,6.45,4.873,6.228,7.051,6.22
9BLH,7.46,7.473,7.246,7.005,7.398
8PQI,5.23,7.316,6.431,6.517,7.212
9EK7,5.04,6.612,5.882,6.722,6.297
7R9Z,5.04,4.838,5.138,5.554,5.121
5ZYH,7.72,6.649,6.609,6.74,6.172
8STH,6.45,6.622,6.522,6.604,7.054
6RJQ,6.45,6.938,6.173,5.77,5.893
9CGA,5.04,4.589,5.367,5.241,5.227
8IRT,5.96,6.779,6.498,6.188,7.165
8DUH,5.96,7.114,6.447,6.024,7.014
7M5L,6.45,6.938,6.533,7.296,6.809
8GLI,5.04,3.443,5.729,6.758,6.854
7F7W,7.66,6.6,7.56,7.506,7.718
7Z4V,7.56,6.808,7.145,7.031,7.157
7R9P,8.37,7.186,7.88,7.796,7.886
7CIL,7.46,7.182,7.405,7.629,7.263
9FS4,5.04,6.926,5.57,5.241,5.036
8FP3,5.96,7.083,6.428,5.818,6.704
6T7Q,6.45,7.057,5.978,6.907,6.265
7DUA,7.66,7.992,7.556,7.815,7.865
7EJA,5.04,5.79,5.889,6.349,6.415
7UKW,5.23,7.362,6.302,5.925,6.701
5RJQ,5.04,4.217,5.576,4.78,4.777
5ZXI,6.595,6.407,7.286,7.334,7.097
6YID,7.66,6.122,7.42,6.774,6.801
6Z59,7.66,7.326,7.309,7.636,7.314
7T4T,5.96,7.395,6.013,6.551,6.78
6WW8,7.46,7.021,7.122,6.893,7.61
8PAS,5.23,7.295,6.126,6.254,6.066
6TLW,5.04,6.891,5.48,5.173,5.019
8HUP,7.6,6.898,6.569,6.791,7.294
7QGP,7.92,7.594,7.919,7.606,8.002
6AAR,6.05,5.613,6.065,5.876,5.83
7FVH,5.23,6.984,6.623,6.988,7.321
8AEU,7.72,5.226,6.275,5.404,6.384
6YG5,6.7,7.16,7.128,7.052,7.115
5RKM,7.6,6.511,5.856,5.955,5.888
7FTD,3.125,6.738,5.951,6.267,6.712
8V79,5.96,6.966,6.246,6.794,6.371
7YNF,5.04,6.695,6.07,6.569,6.47
7M0A,5.96,4.835,5.781,5.423,5.277
7AK2,7.92,6.82,7.675,7.47,7.745
7FT5,5.96,6.219,6.194,5.637,6.392
7X6I,5.04,6.958,5.965,6.214,6.616
7OY6,7.56,6.042,6.899,6.94,6.566
8X8Z,5.23,7.322,6.271,6.831,6.513
7WGQ,5.04,6.863,6.711,5.97,6.181
6TE2,7.66,7.278,6.785,6.543,7.484
8P6V,7.56,6.459,7.152,6.686,6.854
7DHC,7.92,7.326,8.067,8.163,7.818
6Q3F,5.04,6.892,5.22,4.611,4.485
8G8O,5.23,7.65,6.334,6.77,6.786
9BGH,7.72,6.938,6.6,6.74,6.615
6PJJ,7.66,6.727,6.819,6.803,6.786
8AXZ,6.45,3.457,5.56,4.944,5.137
7FH2,6.45,6.938,6.354,5.742,6.003
7MFC,7.92,8.426,7.929,7.371,8.321
9CJ4,8.37,7.288,7.926,8.479,8.508
8XV9,7.56,7.385,6.705,5.736,6.105
7BCM,7.56,5.464,7.197,7.589,7.302
7SSM,6.45,6.537,6.121,7.108,6.317
7M2O,5.04,6.871,5.64,6.324,5.827
7W9M,5.04,6.936,5.297,5.14,4.763
7B35,7.92,9.163,8.052,7.844,8.01
8ARX,3.125,6.597,5.908,6.188,6.682
8C44,5.04,6.938,6.101,6.442,6.993
8R9U,5.23,6.939,6.196,7.101,7.335
8FKO,5.96,6.982,6.393,5.954,7.128
6RA5,6.7,6.245,6.695,7.009,6.867
5RKS,5.96,4.348,6.073,5.126,5.277
8AAI,5.23,6.642,6.14,5.036,5.991
7OPG,7.46,6.118,6.989,6.518,6.305
7RN6,8.37,6.917,7.893,7.612,7.329
9CFI,5.04,4.63,5.362,5.23,5.227
8UTB,3.125,6.778,5.978,6.156,6.779
8P04,5.23,7.656,6.202,7.918,6.574
6GWE,7.56,6.931,6.722,6.327,5.879
8UWL,7.56,5.59,6.66,6.353,6.602
7NXJ,7.46,8.213,7.555,7.682,7.76
7RS3,6.595,6.955,6.97,6.666,6.539
6VIW,7.46,7.227,7.407,7.365,6.709
7BPY,5.04,5.57,5.527,5.059,5.216
7Q9O,5.04,3.71,4.876,3.722,3.651
7ZVU,5.04,6.928,6.15,6.688,5.807
7ZU1,5.96,7.0,6.364,5.706,6.537
6D9H,5.04,5.71,5.417,4.765,4.796
8S0E,5.04,6.938,5.027,5.205,4.232
8AHI,6.45,5.785,5.993,5.984,5.642
5RKD,5.96,6.095,6.834,6.16,6.898
6S26,5.96,6.938,6.027,5.457,6.325
7ZVK,9.0,6.938,6.63,6.959,6.609
8DEG,5.96,7.427,6.535,6.842,7.037
6L16,7.46,6.07,7.057,6.52,6.273
7FXZ,5.04,6.938,6.476,7.563,7.414
6Z4B,7.66,7.707,7.499,7.263,7.539
8P6Y,5.04,6.499,5.041,5.396,4.606
7G8Y,6.45,5.982,5.861,5.338,5.889
6TLL,6.7,6.901,6.378,5.673,5.295
7CJA,7.92,7.633,8.174,8.584,8.298
7JXI,7.46,7.93,7.495,7.489,7.12
8DJE,5.23,7.381,6.294,7.909,7.14
6NKP,5.96,6.475,6.2,6.181,5.929
7WSM,5.96,6.938,6.712,7.402,6.823
8P6W,5.23,7.298,6.385,6.566,7.121
7ER6,5.04,6.938,5.826,5.512,5.286
9EVJ,5.04,6.706,5.309,5.359,5.34
9DME,5.04,4.918,5.281,4.306,4.194
7C7H,5.04,6.938,5.837,6.241,6.281
7YL2,3.125,6.237,5.836,6.855,6.716
7O1U,6.45,6.889,6.093,5.954,5.889
8AGJ,6.45,6.563,7.323,7.038,6.335
6XRN,8.37,7.227,8.229,8.242,8.942
6ZUX,7.56,6.771,6.903,7.027,7.016
8AV4,3.125,6.675,5.919,5.88,6.586
6RWU,6.45,5.977,6.13,5.924,5.691
7B3V,5.96,7.156,6.609,7.042,6.586
6K0J,6.7,7.118,6.974,6.67,6.542
7A4R,6.7,5.303,5.946,5.31,5.388
8BM2,5.23,7.847,6.243,6.318,6.89
7FWE,5.96,6.485,6.118,6.186,6.251
8FUP,5.23,6.806,6.336,6.965,6.997
7UJF,7.66,7.083,6.974,6.775,7.058
7JQG,6.45,6.601,6.37,6.514,6.579
7FY6,5.96,6.668,6.334,6.676,6.86
6TEW,7.92,6.603,7.447,7.213,7.313
6RSD,7.56,8.188,6.999,7.751,7.106
7DHH,7.92,7.068,7.978,7.887,7.735
7P2L,6.45,6.938,6.562,7.037,6.759
7ERK,6.45,5.645,6.543,5.83,6.198
8WZH,5.04,6.798,5.748,4.537,4.714
8JP1,5.04,6.938,5.888,6.171,6.123
7G8U,5.96,5.403,6.466,6.481,6.753
7ERD,5.04,6.938,5.61,4.863,5.572
7CMB,7.66,7.276,7.163,6.314,6.855
7CMW,5.96,7.406,6.637,5.857,6.439
6Y6N,5.04,6.844,6.394,7.237,7.087
8P08,5.23,7.247,6.24,6.344,6.085
8JFK,5.04,6.793,6.254,6.753,7.656
5S8D,5.04,4.974,5.483,5.804,5.7
8JF1,5.04,6.932,6.149,4.652,5.453
7FSJ,5.96,3.71,6.254,7.194,6.688
8P01,5.96,6.938,6.299,6.509,6.53
7QPN,6.45,7.275,6.896,6.819,7.294
6VGG,5.04,3.705,5.565,6.522,5.997
7G0V,6.125,6.691,6.196,5.982,6.542
8V6Z,5.96,6.859,6.223,5.872,5.839
7FVG,3.125,7.464,6.097,7.125,6.708
6YVM,5.04,6.276,5.045,4.703,3.963
7FUW,3.125,7.078,6.035,7.459,7.057
7FSN,7.72,6.923,6.056,6.285,6.554
7AJ2,6.7,5.493,6.585,5.712,5.716
8Q1Z,5.23,6.698,6.008,6.095,6.391
7G94,6.125,6.165,6.344,6.461,6.343
7FSX,5.23,6.821,6.096,6.405,7.222
7FZ1,5.23,6.929,6.284,6.846,6.424
7FVM,3.125,7.124,6.163,7.662,7.264
8XU4,5.04,5.362,5.538,6.079,5.948
7RUY,6.45,7.04,6.529,6.529,6.571
7VRI,5.04,6.165,5.377,4.631,4.996
7FV5,3.125,7.531,6.025,7.484,7.275
8ZLO,5.96,6.914,6.039,5.222,5.945
7LEM,7.66,7.628,7.511,7.248,7.758
6VJD,6.595,7.498,6.9,7.206,6.782
5RJM,5.04,7.186,5.739,5.248,5.034
7YAH,5.04,5.727,5.492,5.339,5.654
7KSI,7.92,7.527,8.046,7.853,7.944
8C3R,5.96,6.278,6.116,5.014,5.707
7BIQ,5.96,7.094,6.498,6.523,6.31
7FV9,3.125,7.117,6.246,6.837,7.043
7A1Z,5.04,6.163,5.551,5.308,5.203
7EPB,5.96,6.803,6.042,5.407,6.421
6T6B,7.505,6.901,6.635,6.956,6.298
7A5B,6.7,6.735,6.886,7.042,6.959
7SFO,7.92,7.391,7.389,7.613,8.043
6TNB,7.92,8.313,7.819,8.091,8.045
6V5N,7.92,7.977,7.773,7.893,8.006
8CQE,3.125,6.939,6.171,7.089,7.404
6UL0,8.59,6.989,6.095,6.563,5.851
8UCB,5.23,7.062,6.43,7.267,7.351
6UKZ,7.6,6.941,6.534,7.427,6.806
6EQP,5.96,4.351,5.82,5.902,6.05
5ZYI,7.72,7.231,6.6,6.861,7.143
8T1D,7.72,6.956,6.559,7.164,6.589
7SIN,6.45,7.402,6.751,6.596,6.619
8TU3,5.96,7.777,6.434,6.769,7.297
7EM1,5.04,5.374,5.183,5.108,5.066
7NPG,5.04,5.333,5.378,4.701,4.647
8HV2,5.23,5.12,6.072,6.321,6.385
7EHY,7.46,6.795,7.138,7.57,6.992
6LTK,7.56,7.034,7.151,7.436,7.323
7EVY,7.6,6.984,7.096,7.114,7.261
6Y4Q,7.72,5.794,6.329,7.536,6.891
7F1Z,5.04,3.706,5.512,5.069,4.231
6VNE,7.66,8.21,7.599,7.612,7.665
8G2E,7.72,6.721,6.651,6.218,7.35
7LF9,5.96,6.276,5.916,5.89,6.188
7Z5W,7.46,7.176,7.355,7.406,7.177
8GVJ,9.0,6.973,6.453,7.131,7.177
8BJU,5.23,7.939,6.243,6.239,7.136
7DJO,7.92,7.112,7.917,8.041,7.869
7KT7,5.96,6.465,6.03,5.876,5.961
6TN9,7.92,7.13,7.845,7.833,7.781
7CP4,7.66,7.431,7.395,6.927,7.151
7R7R,7.92,7.633,7.565,7.893,7.981
8FCB,5.23,6.907,6.219,5.566,6.227
9C55,7.56,7.003,6.581,6.33,6.346
5SAW,7.66,7.46,6.947,7.155,6.878
8BQ4,3.125,6.432,5.816,5.923,6.455
6S75,7.56,5.805,6.959,6.34,6.69
6VKO,5.96,7.359,6.805,6.237,7.03
5RJO,5.04,6.856,6.052,5.577,6.004
7AJY,7.92,7.345,7.606,7.808,8.029
7CP3,7.66,7.379,7.258,7.024,7.167
6BKU,6.7,7.875,7.12,7.521,7.574
9BRE,5.23,7.712,6.302,6.54,6.516
9ET2,5.23,5.361,5.876,6.427,6.615
5O9H,6.595,6.625,7.128,6.943,6.899
8FY1,3.125,6.938,6.251,5.737,5.936
6ZZ1,5.04,7.663,5.574,5.145,5.446
7JHD,4.01,6.788,6.078,6.672,6.262
7Z61,7.66,7.436,7.529,8.254,8.397
7YL1,5.04,6.902,5.986,6.408,6.597
8FKF,5.23,6.935,6.37,6.742,7.414
6Z57,7.66,6.553,7.131,6.583,7.005
7VCU,5.04,6.938,5.038,4.622,4.431
8BXS,5.96,6.294,6.196,6.655,7.166
7E5F,7.56,6.693,6.781,6.445,6.765
8ADM,3.125,6.938,5.929,5.45,6.403
8PTX,5.04,6.416,5.597,5.956,5.396
8BW4,7.56,7.207,6.813,8.072,7.326
8S0C,5.04,6.936,5.276,5.658,5.201
7TVA,3.125,6.961,6.065,7.458,6.729
7VCT,5.04,6.937,5.095,4.765,4.112
6VQL,7.66,8.055,7.78,8.563,8.509
6N3N,7.92,7.222,7.132,7.343,6.908
7Y28,9.0,6.823,6.285,6.554,6.615
8W42,5.04,3.646,4.905,3.778,3.651
7ERC,5.04,6.938,5.671,4.612,5.24
8IO0,5.96,6.882,5.672,4.298,5.691
7AW2,7.92,7.171,7.69,7.338,7.505
8SS3,8.15,6.562,5.898,4.795,5.245
8V6X,5.96,7.001,6.193,6.229,6.098
9BPY,5.04,6.644,5.741,5.578,5.785
6B99,6.45,6.223,6.384,6.528,5.781
7R7K,7.92,8.292,8.026,8.388,8.193
7TVB,3.125,6.954,6.074,7.515,6.96
5S8L,5.04,5.015,5.907,6.89,6.855
6XXJ,5.04,6.938,5.685,5.81,5.644
7K7O,7.66,9.437,8.063,9.16,9.338
6OP0,7.92,7.665,7.459,7.699,7.562
7G0P,5.96,6.938,6.067,5.942,6.572
8RBB,6.125,5.842,6.038,6.342,6.287
8EV2,7.66,6.352,6.377,5.576,6.409
9B4L,5.04,6.251,5.462,6.304,5.777
5S8N,5.04,5.715,6.33,7.009,6.679
8C1Y,5.23,6.707,6.272,6.328,6.083
7E2G,5.96,5.052,6.19,6.346,6.376
7NMW,5.04,5.229,5.082,4.154,4.202
5RK7,7.72,5.899,6.439,6.718,7.325
5S8G,8.59,6.626,6.035,7.366,7.082
6LO2,6.45,7.398,6.17,5.641,5.843
8P45,8.15,6.938,6.421,6.644,6.686
7RY1,7.56,7.254,6.212,5.734,6.156
8AGI,6.45,6.577,7.359,6.932,6.442
8DUS,5.23,6.842,6.335,6.069,6.752
8PQH,5.96,7.274,6.612,7.079,7.142
6IZN,7.92,7.677,7.753,8.025,8.038
6SIN,6.45,5.004,5.701,5.203,4.713
7BGR,5.04,5.167,5.933,6.779,6.414
8STE,7.505,6.152,6.231,6.15,6.146
7Y1G,7.66,7.298,7.509,7.5,7.755
6EO9,6.45,6.474,7.421,7.076,7.05
7FV0,3.125,7.528,6.022,7.52,7.079
7UP8,5.04,5.402,5.308,4.664,4.518
7FHS,6.7,6.923,6.651,6.351,6.192
8PBO,7.6,6.724,6.575,7.226,7.575
6KAY,5.23,6.938,6.331,6.165,6.673
7RV0,6.45,6.818,6.421,6.22,6.586
6THX,7.66,8.507,7.692,7.864,8.147
9FFC,5.04,3.418,5.482,4.704,5.303
7VSG,5.04,6.94,6.127,6.994,6.983
7K6M,7.66,7.175,7.313,7.887,8.176
7OAJ,7.46,8.064,7.321,7.058,7.017
6QGJ,7.505,7.086,7.287,7.492,7.326
7G0Q,5.96,6.933,6.128,6.031,6.495
8GUA,6.45,7.54,7.311,7.486,6.769
6KTN,7.66,8.373,7.513,7.563,7.554
7G1L,5.96,6.938,6.31,6.253,6.513
7ZI0,3.125,6.989,6.112,5.98,5.582
6XBL,6.45,6.887,6.388,5.559,6.092
8BZP,5.23,5.769,6.14,7.051,6.401
9CHV,7.72,6.936,6.636,5.947,5.758
7ULJ,5.04,6.505,5.465,4.707,4.632
8TWY,5.96,6.947,6.568,6.855,7.298
9IOL,5.04,6.935,5.692,6.61,6.251
8F0J,5.04,6.938,6.076,6.869,6.83
6SQ0,7.66,7.653,7.19,7.295,6.716
7FZP,5.96,6.938,6.036,6.179,6.107
7LGS,7.66,7.774,7.404,7.288,7.544
5RJL,5.04,6.374,5.275,4.526,4.882
8PPC,5.04,6.599,5.511,6.292,5.729
6T41,6.45,6.547,6.472,5.728,6.049
7RS8,6.595,6.922,7.093,7.276,6.472
5RKG,5.04,5.521,5.362,5.594,5.661
7PW7,5.04,6.86,5.463,6.361,5.914
7FUV,3.125,7.407,6.031,7.409,7.281
9F7X,5.04,5.106,5.556,4.703,4.737
8V8I,5.23,7.751,6.195,5.632,6.162
8T50,5.96,6.599,5.713,6.406,6.181
5SB1,8.37,7.664,7.829,7.519,7.674
9B0U,5.04,6.865,5.48,5.885,6.255
7LEL,7.46,6.996,7.007,6.197,6.982
7N3U,7.56,7.694,7.403,7.817,7.484
7D73,5.04,6.926,5.722,5.879,6.001
7G0T,5.23,6.901,6.186,6.416,6.604
8X7G,5.23,6.949,6.23,6.539,6.456
7KP9,7.66,7.065,7.391,7.882,7.431
6YIK,3.125,6.92,6.304,6.9,6.625
8C2Z,5.23,7.803,6.06,5.812,6.614
6VPF,5.04,6.789,6.437,5.285,6.066
7FWH,5.96,6.53,5.872,6.068,6.588
6V8T,7.66,7.147,6.608,7.188,6.348
8QJS,3.125,6.939,6.166,6.573,6.518
7SUF,7.46,7.189,7.364,7.354,7.169
8QXJ,6.45,6.701,5.83,4.993,5.63
7RR9,5.04,5.89,6.192,7.143,7.317
6Z56,7.92,7.623,7.891,7.108,7.452
9LVX,5.04,3.677,5.367,6.315,5.956
9EE8,5.04,5.968,5.362,4.883,4.794
7RS0,7.66,6.451,6.676,6.664,6.422
6K42,5.04,6.434,5.97,6.192,6.391
5RJR,6.45,7.146,6.386,6.732,6.877
7NA1,5.96,7.153,6.836,6.118,6.495
7AAX,7.92,7.993,7.866,7.889,7.649
6U5L,7.66,7.255,7.307,7.298,6.92
7JIU,7.66,8.462,7.431,7.76,7.631
7VQG,5.96,5.955,6.47,7.281,6.938
8G0L,6.45,6.938,6.736,6.945,7.121
8OW2,5.23,7.768,6.281,6.693,7.39
5XRD,6.45,6.396,6.567,6.333,5.816
7C05,9.0,6.934,5.791,6.148,5.901
7OBT,7.72,6.655,6.216,6.489,6.258
7RA0,5.04,5.378,5.561,6.147,5.621
8TXZ,7.66,7.376,7.43,7.31,7.732
8JVJ,5.23,7.068,6.167,7.201,7.099
5RJN,5.04,7.089,5.958,6.009,5.576
6YKY,7.56,7.444,7.382,6.997,7.328
6PT3,7.72,6.719,6.893,7.384,6.468
7OVL,7.66,7.744,7.608,7.998,8.102
7NTC,5.04,6.938,5.641,5.016,4.778
7G1K,7.6,6.938,6.478,6.705,7.196
6FH5,7.66,7.286,7.516,8.575,8.215
5RKU,3.125,6.944,6.025,7.129,6.641
7LFN,5.04,3.268,5.46,5.674,5.902
7JNI,5.04,4.567,6.03,6.765,7.112
6MA5,6.45,7.002,6.305,6.784,6.353
6X7U,5.04,6.807,5.755,5.17,5.725
8TFA,5.04,6.899,5.363,4.776,4.11
7EZP,5.04,5.706,5.415,5.978,5.535
6ZOR,7.66,7.603,7.428,7.839,7.59
6SQU,5.04,6.774,5.005,5.543,5.117
7G8C,5.96,5.239,6.553,6.417,7.167
6TES,5.04,6.472,6.009,5.513,7.129
6UEL,7.56,7.093,7.216,7.902,7.935
7KVX,5.96,6.938,5.598,5.442,5.917
8YH2,5.04,5.88,5.367,5.028,4.823
8JN8,5.23,6.707,6.167,6.854,7.378
8XB3,5.23,7.007,6.361,6.537,6.621
9FPX,5.04,7.135,6.396,6.192,7.03
7FX9,5.23,6.569,6.312,6.847,6.81
7W9P,5.96,7.145,5.926,6.066,5.672
8QNI,5.23,7.128,6.207,6.195,6.486
8BOG,5.23,7.153,6.203,6.315,6.272
7F3G,7.46,7.235,6.779,6.69,6.534
7C2V,8.37,7.91,8.022,8.182,7.756
7WSN,5.96,6.938,6.708,7.486,6.598
6U9B,7.66,7.003,7.078,7.265,7.055
7G9E,6.45,4.164,5.974,6.007,5.564
7FSW,5.23,6.294,6.2,6.251,7.206
7A4S,5.04,4.359,5.019,4.245,4.574
8CPI,6.45,6.814,6.152,6.194,6.283
7ZLO,5.23,7.343,6.142,5.866,6.755
8P76,5.23,7.945,6.313,6.647,7.488
8W4A,6.45,6.652,6.238,6.299,6.461
6ZV8,7.56,6.838,6.911,7.639,7.216
7YXN,7.6,6.936,6.698,6.714,6.785
5S8K,5.04,3.608,5.478,5.154,5.082
9EE9,5.04,5.184,5.355,5.26,4.81
7KX8,7.46,7.52,7.394,7.428,7.341
7REM,7.66,7.146,7.646,7.159,7.493
7SZQ,3.125,6.939,5.843,7.415,7.94
7OXB,8.37,7.498,7.656,8.293,7.865
7WMQ,7.66,7.061,7.418,8.473,8.093
6SZM,5.04,5.236,5.703,5.512,5.574
7EM6,5.04,5.746,5.16,5.121,5.362
7L26,8.37,7.518,7.541,7.805,7.286
7VCX,5.04,6.933,5.05,4.672,4.041
7UDP,5.23,7.938,6.276,6.765,6.698
7G8H,5.96,5.28,6.282,6.79,6.724
7AKA,7.46,6.827,7.368,7.694,7.617
7JY4,5.04,6.577,5.515,5.256,4.69
7AYI,7.66,7.829,7.461,7.67,7.462
7U2Z,5.23,6.742,6.58,5.914,6.313
8BDO,3.125,6.939,6.077,6.459,6.911
7A1Y,6.45,5.653,6.148,6.495,5.564
7RYN,6.45,6.938,6.459,6.212,5.94
8C3Q,4.01,6.198,5.912,6.578,6.367
7NA2,5.96,7.127,6.567,6.012,5.833
7ORF,7.92,7.975,7.814,7.929,7.844
8PU0,6.45,6.474,6.307,5.962,6.06
7NRL,5.04,5.35,5.915,6.509,6.129
6XXK,5.04,3.786,5.498,5.582,6.056
8W5C,5.23,7.101,6.211,6.208,6.685
5RK5,8.59,6.007,5.892,6.01,5.502
6S73,7.56,7.521,7.315,6.879,7.078
7T47,9.0,6.938,6.335,5.031,5.787
7FYO,5.96,6.871,5.96,6.155,6.207
8JU6,7.72,6.97,6.654,6.932,6.876
8PTY,5.04,6.475,5.72,6.023,5.408
6TFY,7.92,9.333,7.801,7.964,8.488
8AQ1,3.125,6.634,5.945,6.089,6.831
7L9P,5.04,6.938,5.407,4.767,4.309
8FV4,5.23,6.931,6.076,6.087,5.579
8S99,3.125,6.865,5.904,7.577,7.532
8FC8,5.23,6.907,6.219,5.566,6.227
7OVM,7.92,8.244,8.032,8.085,8.091
8C8C,5.23,7.57,6.083,6.312,6.927
6TTP,5.04,5.794,5.202,5.534,4.571
8TYV,5.04,6.971,5.352,5.146,4.96
7B5O,7.56,6.824,7.245,6.998,6.959
6N0M,7.6,6.42,5.724,6.347,6.575
8JU5,6.125,6.416,6.174,6.344,6.318
5RJX,6.45,6.221,5.918,5.576,5.467
7CMU,5.23,5.457,6.464,6.1,6.332
7RS1,6.05,6.938,6.024,5.873,5.222
7Y7W,5.04,4.333,5.866,6.013,6.037
8UW9,5.23,6.971,6.141,7.721,6.861
6UAB,5.96,6.032,6.415,6.26,7.012
7MCE,7.66,6.986,7.454,7.573,8.05
7S1N,7.92,7.731,8.057,7.956,7.756
7G1G,7.72,6.941,6.479,7.802,6.905
8RPS,5.96,4.532,5.977,5.559,5.595
8U5Q,5.04,5.139,5.34,4.608,5.059
7FWK,5.04,5.952,5.671,6.068,5.906
6KO5,9.0,6.938,7.279,6.356,6.489
7OQU,6.45,5.188,5.793,5.536,5.085
9N0X,5.04,6.941,6.353,6.205,6.395
7KTI,5.96,6.775,6.052,5.378,5.678
7WET,5.96,5.222,5.979,5.962,6.305
7DFP,6.125,6.739,6.473,7.253,6.785
7KP8,7.66,6.977,7.36,7.654,7.437
5RJY,6.45,6.262,6.172,6.198,6.669
7MLK,7.66,6.648,7.28,6.915,7.213
7DL6,7.92,7.051,8.032,8.208,8.158
7N9O,5.96,6.924,6.64,6.816,6.105
8F0Q,5.23,6.904,6.262,6.673,6.552
8P7L,5.23,7.713,6.261,6.307,7.184
8S5W,7.56,7.308,6.703,6.492,6.727
7A53,6.7,6.003,6.75,6.248,6.296
8FLK,5.96,6.938,6.087,5.331,6.043
7S84,6.7,7.605,6.761,7.781,7.271
6UKU,8.59,6.79,5.956,6.487,5.992
7FVI,5.96,7.054,6.501,7.192,7.296
7UAD,5.23,6.244,6.475,6.419,7.044
6MHB,6.45,7.082,6.209,6.192,6.454
5YVB,7.46,7.037,7.116,7.312,6.969
6YTD,8.59,6.522,6.211,6.391,6.171
5RKB,5.96,6.71,6.695,6.499,6.5
8T8M,5.04,5.667,5.038,4.575,5.009
6TSZ,5.04,6.944,5.019,4.553,4.127
7Q8W,6.45,5.046,6.357,5.5,5.576
7XM7,7.66,7.155,7.436,6.919,7.391
8W9B,5.23,7.568,6.309,6.444,6.685
8AGL,6.45,6.43,7.396,6.964,6.437
7W7E,5.96,6.188,6.335,5.376,6.247
7OAI,7.46,8.039,7.435,7.221,7.575
8II0,6.45,6.726,6.061,6.019,6.516
6FCF,7.66,9.013,7.461,8.602,8.373
6CD5,7.66,7.26,7.261,7.956,7.879
6RNU,6.125,5.516,5.757,6.088,5.823
7ALE,7.56,6.637,7.238,6.585,7.31
7K7Q,8.37,7.352,7.989,8.878,9.438
8DK4,5.23,6.861,6.352,7.551,6.744
7MGK,7.66,7.728,7.576,7.403,7.63
6SIS,7.66,6.939,7.655,7.847,7.881
6TA0,5.04,5.725,5.332,5.243,4.277
6Y6H,7.92,7.095,7.697,7.922,7.433
7X2U,5.04,6.626,6.182,6.504,5.816
8GT6,5.23,6.931,6.377,5.254,5.718
6ZUG,6.45,6.331,6.986,7.288,7.065
8G6T,7.72,6.938,6.298,6.153,6.874
7ZLN,5.23,7.097,6.099,6.043,6.504
7R75,5.96,7.134,6.692,6.281,5.895
7FV4,5.96,7.358,6.362,6.464,6.757
8TF9,5.04,6.09,5.383,4.276,3.996
7L25,7.66,7.605,7.557,8.047,7.999
8DV8,5.96,7.004,6.399,5.818,6.73
7DXL,7.92,8.14,8.067,7.476,8.004
7JUZ,6.45,4.127,5.673,5.085,5.621
7QUF,7.66,7.276,7.45,6.91,7.232
8IK3,5.96,6.938,6.013,5.223,6.247
8CHS,5.04,4.776,5.4,4.735,4.988
7SOL,5.04,6.962,5.593,6.847,6.077
8BWX,5.96,6.017,6.186,6.896,7.484
5S8J,6.45,6.574,6.002,6.243,6.258
7FQN,5.96,5.44,6.282,5.534,5.77
7GS8,8.59,6.657,5.543,5.914,5.966
7G0Y,3.125,6.691,5.923,5.897,6.598
8P0F,3.125,6.942,6.167,6.4,6.949
8A5W,5.04,4.683,5.566,4.692,5.057
6YR9,7.92,7.691,7.834,8.305,8.037
7FVR,5.96,7.037,6.523,7.51,6.847
8FUG,5.96,4.925,6.336,7.76,7.658
8FY2,3.125,6.938,6.181,5.716,5.671
7NRK,5.04,5.625,6.047,6.459,6.184
5ZXB,8.37,8.556,7.984,8.14,8.33
8U2D,5.23,7.887,6.318,8.723,7.341
6J7X,5.04,6.938,5.707,6.302,6.148
5RKK,6.45,6.201,6.447,6.337,6.666
7UP7,6.7,8.541,7.179,7.765,7.787
7KT1,5.96,6.845,5.411,4.289,5.097
7NXK,7.66,7.95,7.438,7.405,7.44
7JWZ,7.92,7.781,7.822,8.337,7.933
8BW2,5.23,6.413,6.52,7.714,6.937
6BXY,7.56,7.479,6.82,6.249,6.661
7OBH,7.72,7.024,6.228,5.462,5.956
7HB5,6.45,4.909,5.988,5.451,5.463
8WZM,5.04,6.821,5.703,4.66,4.443
7G1Y,5.96,6.777,6.407,6.86,6.84
8ATY,5.23,6.897,6.228,7.323,6.626
8V71,5.96,6.895,6.301,6.705,6.341
7BTT,7.92,7.656,7.866,7.833,7.708
6L20,4.85,5.497,6.071,6.234,5.876
7FV6,5.96,7.291,6.534,7.139,7.127
8BWZ,5.96,5.93,6.166,6.112,6.639
6U99,7.66,6.944,7.133,7.439,7.237
5Z02,5.04,6.598,6.446,5.621,5.427
9CXG,5.96,6.51,5.986,6.058,6.279
7MSD,6.45,7.162,6.876,6.451,6.85
7AJS,6.7,5.821,6.954,6.741,6.68
6PYS,7.66,6.722,7.521,7.482,7.72
5OXG,7.66,7.726,7.213,7.819,7.576
6OWC,7.66,7.303,7.378,7.681,8.249
6ZCQ,7.66,7.396,7.622,7.741,7.898
6YLK,7.72,6.497,6.529,7.267,6.505
7SJ3,7.92,7.288,7.808,6.589,7.136
7FVP,5.96,7.345,6.662,7.066,7.131
9CT3,6.45,7.157,6.151,6.833,6.786
9DTQ,5.04,6.717,5.542,5.589,5.519
6VWC,7.56,8.133,7.085,7.92,7.91
7ZH8,5.96,6.386,6.014,6.037,5.597
7FT4,6.45,7.835,6.505,6.936,5.894
7UGE,5.23,6.919,6.201,6.622,5.764
6LUQ,6.125,7.044,6.45,7.14,7.052
6GWR,7.92,7.823,7.823,7.82,7.731
7A55,5.04,5.827,5.712,5.905,5.829
7OUB,6.45,6.918,6.743,7.536,7.117
7U4R,8.59,6.938,6.267,6.752,7.113
7FVA,5.23,7.184,6.384,5.764,6.647
8R8E,5.96,7.098,6.332,6.881,6.934
9CBM,5.04,6.135,6.16,6.123,6.455
6HD1,5.04,6.938,6.049,5.961,5.923
6W45,7.66,6.893,6.909,6.272,6.219
6P68,7.46,7.453,7.272,7.427,7.044
6MA3,7.505,6.973,6.367,7.406,6.373
7FSM,7.505,6.636,6.226,5.515,5.621
7NFB,6.05,5.344,5.847,5.818,5.415
7JJG,5.96,7.064,6.917,7.533,7.606
8F7V,5.23,6.848,6.361,7.491,6.411
7FYH,6.125,6.601,5.191,4.334,4.065
5RJK,5.04,6.733,5.085,4.14,4.615
9DF1,7.66,6.917,6.765,5.673,6.056
7CGP,5.04,7.068,5.942,7.013,6.739
6YDB,9.0,6.672,5.565,5.124,5.195
7DSQ,7.72,6.56,6.317,5.891,6.297
7TD3,5.04,7.031,6.423,7.036,7.473
7AAY,7.92,8.822,7.886,8.108,7.962
8IRS,5.96,6.94,6.474,5.806,6.913
7KPA,8.37,7.799,7.589,7.827,7.789
7V2J,7.66,5.182,6.943,6.277,6.23
7ZTZ,5.96,7.008,6.361,6.058,6.665
7S3P,7.72,6.676,6.47,6.035,6.266
7UJ8,7.66,6.436,6.583,6.152,5.818
9D61,7.56,6.647,6.898,6.81,7.239
6RSB,7.56,8.306,7.184,7.827,7.413
6LZL,5.04,6.049,5.09,4.778,4.96
7O1Y,6.45,6.937,5.865,7.281,6.905
6R6E,7.46,6.516,6.948,6.471,6.566
7M0L,7.66,7.198,7.481,7.642,7.519
6VMS,7.56,7.107,7.116,8.229,7.792
8FXO,7.72,6.936,6.58,6.783,7.136
7A4Z,6.7,5.314,6.489,5.095,5.422
7A5L,6.7,7.583,7.06,7.324,7.172
7KK3,8.15,7.482,5.962,5.772,6.462
8DUC,5.96,7.422,6.452,6.204,6.862
9DMC,5.04,6.604,5.778,5.672,5.295
7UC6,3.125,6.942,5.949,6.396,6.307
6ZUW,6.45,6.913,6.845,7.344,7.27
7G8L,5.96,5.316,5.993,4.49,6.016
7G0G,7.72,6.921,6.389,6.838,6.787
8G4A,6.125,6.936,6.297,7.56,6.837
6Q49,5.04,6.861,5.086,4.227,4.278
7UHF,5.96,7.126,6.247,6.894,6.675
8PPW,5.23,4.944,6.248,5.44,6.284
5YVA,6.7,7.124,6.867,7.419,7.231
6YLC,6.45,7.757,7.05,6.988,6.963
7E5G,6.595,6.742,7.287,6.741,6.994
9GJ2,5.23,6.965,6.363,5.54,5.68
7C7G,5.04,6.938,5.832,6.088,6.211
8CDW,5.23,7.332,6.182,6.371,6.784
7XHE,7.46,6.872,7.385,7.559,7.305
7JXY,5.04,7.587,6.775,6.306,6.205
7W5A,5.04,6.978,5.789,5.952,6.065
8W9W,6.45,6.928,6.269,6.805,6.648
7HA0,5.04,5.888,5.636,5.905,6.348
7YAI,5.04,5.794,5.538,5.197,5.495
7KAC,7.92,7.304,7.77,7.478,7.469
7M0M,7.92,7.247,7.966,8.434,7.934
6EDS,7.72,8.234,6.848,7.033,6.791
8DUK,5.23,6.869,6.352,5.743,6.635
8YHW,5.04,6.936,4.888,4.183,4.871
8PBP,6.45,6.97,6.369,6.535,6.832
7VFS,5.04,4.861,6.003,6.937,6.731
7UJW,7.66,7.164,6.809,6.91,7.097
7UPG,5.04,5.563,5.318,4.891,4.649
7R4L,5.04,6.938,5.868,6.045,6.843
8SC4,6.45,6.938,5.787,6.513,6.544
7CCW,5.04,5.605,5.263,4.474,4.2
7YMJ,5.23,6.395,6.386,6.561,6.509
7R4O,5.96,6.708,6.694,6.658,6.639
7FYQ,7.6,6.94,6.015,6.261,6.194
7UJC,4.01,7.181,6.141,5.956,5.816
7W7Y,7.92,8.193,7.73,7.774,7.933
7WQQ,7.72,7.258,6.574,5.79,6.349
7JYR,7.92,7.845,8.032,8.015,7.928
6PRT,5.96,5.624,6.008,5.59,5.82
8VYJ,5.04,4.922,5.949,5.984,6.257
7A4W,6.7,5.643,6.779,6.314,6.243
8HMT,5.23,7.357,6.151,6.562,6.795
5S8C,5.04,5.073,5.898,6.482,6.527
7S9F,7.66,5.692,6.98,6.645,7.066
8C1E,5.96,6.281,6.256,6.987,7.339
8XSN,5.04,6.447,5.552,5.743,5.185
8P6X,7.46,7.155,6.928,7.23,7.165
7PWD,7.66,6.561,7.007,6.238,6.286
7QUE,7.66,7.43,7.304,7.059,7.12
7JX0,6.595,7.83,7.229,7.813,7.557
9D3C,5.23,5.309,5.774,6.123,5.949
7G93,7.56,6.435,6.035,5.618,5.696
7VCV,5.04,6.938,5.112,4.411,4.257
5RKJ,6.45,6.464,6.546,6.927,6.947
7AKH,7.92,7.113,7.627,7.302,8.114
7CR7,6.45,5.863,6.511,6.899,6.181
7RP4,7.72,7.23,6.742,6.163,6.658
6Y0A,7.66,5.922,7.136,7.432,6.822
8TZQ,5.04,3.672,5.531,5.249,4.916
7NZY,7.66,5.344,7.128,6.604,6.734
7G85,6.45,5.195,6.306,6.629,5.927
8V74,5.23,6.806,6.102,7.332,6.727
5RKP,5.04,5.309,5.79,6.171,5.428
8AHG,6.45,7.046,6.731,5.987,6.035
7KK6,5.96,7.23,6.47,6.833,6.302
7AKB,7.92,6.377,7.565,7.202,7.199
8K14,7.72,6.712,6.62,6.912,7.334
6OPH,7.92,8.329,7.838,8.632,8.228
7FVZ,5.04,6.786,6.251,7.494,6.366
7E5H,7.66,6.491,7.34,7.218,6.711
6ZC0,7.66,7.714,7.414,7.551,7.544
6Q4E,6.7,6.432,6.23,5.617,5.901
9CXC,5.04,5.786,5.873,7.263,6.878
7UDQ,5.23,7.935,6.215,6.641,6.579
8DZR,7.72,6.695,6.454,6.221,7.488
7OAK,7.46,6.526,7.46,6.89,7.217
8OUS,7.72,7.479,6.51,6.405,7.337
8S0T,5.23,6.938,6.141,6.807,6.898
6Q4D,5.04,4.676,5.305,4.942,4.595
8YEV,6.7,5.031,6.215,5.516,5.557
8V73,5.96,6.943,6.273,6.605,6.313
6P38,5.23,6.954,6.742,7.384,7.408
8YXB,6.45,7.032,6.281,6.73,6.444
8T98,5.04,6.928,5.372,4.114,4.206
8GW0,5.04,6.906,5.121,4.779,5.32
6BMW,5.96,6.98,6.81,6.104,6.443
6UKM,8.59,6.967,5.86,6.503,5.56
9ET3,5.96,5.645,5.799,6.035,5.402
7ZTX,5.96,7.062,6.36,5.706,6.636
8HLR,8.15,6.955,6.468,5.0,6.26
7XPY,5.96,6.372,5.872,5.269,4.976
8PNQ,6.45,6.227,6.063,7.739,6.428
7UJ7,7.66,6.487,6.607,6.213,6.071
7G8R,5.96,6.056,5.999,6.718,7.152
7U8U,5.96,6.733,6.357,6.573,6.874
7KP6,7.66,6.926,7.395,7.247,7.253
7AKE,7.92,6.79,7.726,7.438,7.865
7BGV,5.04,5.274,5.961,6.212,6.353
7Y99,7.56,6.938,6.526,6.096,6.932
6YF8,6.7,7.373,7.084,7.077,7.072
8P74,5.23,6.875,6.257,6.648,6.681
7RNM,7.66,6.996,7.039,7.47,7.339
7FUZ,7.72,7.027,6.656,6.618,6.656
6NCO,5.96,7.409,6.899,6.793,6.487
8VYK,5.04,4.346,5.967,6.7,6.83
9AS8,5.04,5.941,5.984,5.331,5.201
6TU9,8.37,7.576,7.852,8.238,7.778
5XQE,7.66,4.736,6.531,6.835,6.21
7ER9,5.04,6.938,5.808,5.401,5.349
7W9T,5.96,7.145,5.923,6.121,5.678
5RK1,7.72,5.751,6.513,6.48,6.828
7CCV,4.01,4.911,5.526,4.896,4.798
7EM3,5.04,4.269,5.072,5.26,4.876
7OLV,7.92,7.42,7.928,7.724,8.204
7RHG,5.96,5.644,5.838,5.797,5.984
8T1F,5.23,7.619,6.652,6.873,6.632
8TSD,5.23,7.113,6.368,6.511,7.168
8DZS,5.96,6.678,6.351,5.821,7.002
6V0X,7.6,6.883,6.301,6.228,6.641
8AHH,6.45,6.325,6.142,6.432,6.045
8X62,5.96,6.91,6.388,5.96,6.611
6GU7,7.46,6.683,7.231,7.505,7.834
6ST3,5.04,7.284,5.636,5.895,6.126
8OUR,7.72,7.649,6.615,6.956,7.819
8WSW,7.66,7.624,7.326,7.47,7.508
6MA2,5.04,6.968,6.022,5.682,5.702
6OAC,7.66,8.099,7.422,7.672,8.018
8C0L,7.72,6.32,6.232,5.741,5.849
7FSQ,5.04,5.406,5.312,4.451,4.197
7G8W,5.96,6.257,6.266,6.845,6.673
8T8Q,5.96,6.931,6.142,6.348,6.826
8BXO,3.125,7.132,5.695,6.77,7.662
8DVB,5.96,6.997,6.357,6.527,6.776
7QG2,7.56,8.045,7.624,7.612,7.844
7YNP,5.96,5.855,6.394,7.387,6.974
6THA,5.04,6.847,6.176,6.719,6.524
7ER7,5.04,6.938,5.604,4.584,5.253
9B7A,5.04,6.938,5.244,4.518,5.275
8AQN,5.23,6.938,6.223,5.023,5.874
7JRA,7.66,7.539,7.399,7.856,7.798
8V6U,5.96,5.861,6.378,6.001,6.502
7BQ3,5.23,6.914,6.299,6.393,6.531
7KPF,5.04,4.875,5.114,4.626,4.66
6K05,7.46,6.46,7.286,7.039,7.202
7Y7Z,5.96,6.656,6.652,6.702,6.438
7EM4,5.04,5.161,5.024,4.915,4.982
7SII,7.92,7.1,7.732,7.759,7.446
8HF8,7.6,6.914,6.656,6.999,7.424
6YM3,8.37,7.273,7.688,7.256,7.058
8T2H,7.72,7.532,6.61,6.824,7.151
6FZP,6.45,6.948,6.371,5.577,5.745
8ZBU,7.505,7.159,6.354,7.153,7.069
8PQ9,5.96,7.636,6.755,6.787,7.164
8C3U,7.72,6.938,6.221,6.357,6.581
8PPB,5.04,6.395,5.643,6.283,6.034
7NA3,7.72,6.712,6.632,5.976,6.034
6N8X,5.04,6.668,6.542,6.088,6.419
7SI4,5.23,6.924,6.645,7.581,7.453
7TUN,5.96,6.527,6.164,5.999,6.635
8ORM,6.595,7.97,7.308,7.697,7.395
7VWE,5.04,6.455,6.273,7.104,6.954
7O7J,7.92,8.111,8.152,8.601,8.403
7G8J,6.125,5.147,6.376,6.618,6.316
7SXJ,7.72,7.551,6.582,6.981,7.141
8PWC,6.125,6.931,6.43,6.63,7.071
7NJ8,5.04,5.074,5.954,6.332,6.272
7OAL,7.46,6.38,7.476,7.046,7.284
7A51,7.46,5.956,6.528,6.124,6.028
6VZM,7.92,7.231,7.72,7.613,7.419
7FQI,5.23,6.938,6.43,6.08,5.159
8VA6,5.23,6.847,6.724,6.959,7.528
7CMV,5.96,5.891,6.617,6.705,6.527
8H7B,5.96,6.883,6.422,6.35,6.549
8Z6H,5.04,6.81,5.845,5.578,6.471
6TBE,6.45,6.769,6.53,6.317,6.466
6CJ2,7.66,7.411,7.421,8.039,7.629
6W0Y,5.96,6.852,6.296,6.665,6.074
8CVN,5.96,6.312,5.768,4.693,4.708
6QTY,7.46,6.152,6.824,6.49,6.511
8DUD,5.96,6.931,6.423,6.129,6.639
9B0T,5.04,6.42,5.094,5.164,5.593
7U2P,5.04,6.571,5.723,4.944,5.589
8V76,5.23,7.001,6.1,7.033,6.793
8QNG,5.23,7.217,6.272,7.253,7.444
8KF1,5.23,6.893,6.208,6.213,7.146
7MRH,6.595,7.008,7.028,6.504,7.031
6RSC,7.56,8.089,7.096,8.142,7.366
8WYW,3.125,6.903,5.814,5.954,6.442
7QAA,5.04,6.857,6.227,6.158,6.525
6DMJ,7.46,6.1,6.994,6.797,6.239
6NCN,5.96,6.757,6.189,6.025,5.462
6THZ,8.37,7.818,8.122,8.37,8.138
7B30,7.92,9.31,8.047,8.007,8.466
8P81,5.23,7.362,6.471,6.297,6.747
7UYW,7.66,7.656,7.589,8.289,7.99
6LN1,4.85,4.945,5.823,5.627,5.454
7MRD,8.37,7.0,7.964,7.978,8.51
5YA5,8.59,7.626,6.691,7.073,7.357
7YNO,5.23,4.399,5.812,6.079,6.427
5RK0,7.505,6.718,6.173,6.213,6.224
7ZWL,8.15,6.938,6.543,7.078,6.461
7FWW,5.96,6.939,6.354,6.54,6.614
9QB5,7.46,7.829,7.347,7.233,7.453
8FF8,5.23,7.407,6.33,7.504,6.683
7FUY,3.125,7.186,6.093,6.283,7.214
8DSY,7.92,7.456,7.798,7.568,7.197
7YAZ,5.23,6.99,6.225,7.638,7.061
6UWY,7.46,7.904,7.234,7.107,7.266
7G8M,3.125,6.546,5.663,5.764,6.065
6L14,7.46,5.491,6.864,6.105,5.88
7VFV,5.04,5.128,6.001,6.932,6.365
6LKN,5.04,3.083,5.479,6.078,6.092
6XNP,6.45,7.008,6.144,6.453,6.39
7LJE,6.45,6.938,6.899,7.834,7.782
8PIQ,3.125,6.893,6.071,6.0,6.866
7CCU,4.01,4.599,5.273,4.086,3.837
7V3Z,7.72,6.757,6.674,6.18,6.883
7Q1N,5.04,3.492,5.558,5.934,5.501
8BDN,5.96,6.938,6.63,6.969,7.193
6XF3,8.15,6.938,6.511,6.117,5.813
6U8R,5.04,4.865,5.286,4.888,4.565
6C42,4.01,7.646,6.288,5.942,6.11
8TDU,5.23,7.211,6.52,6.682,7.121
6SBO,6.595,7.1,7.227,7.385,7.032
6Q9H,7.66,6.06,7.039,6.501,6.648
7W59,5.04,6.599,5.522,5.543,5.447
5S9R,7.46,6.994,7.298,7.041,7.774
7NVQ,8.37,8.389,8.056,8.284,8.084
8PLZ,5.23,7.116,6.2,6.309,7.066
7MGJ,7.66,8.105,7.527,8.127,7.291
6X82,7.92,8.446,7.914,7.85,8.351
7AFW,7.72,6.563,5.679,5.034,5.344
7B5Q,7.56,6.938,7.252,7.035,7.165
8EXO,5.96,7.18,6.585,6.103,7.041
6YTE,7.46,6.842,6.819,6.394,6.699
6X3O,7.92,9.824,8.082,8.866,8.709
7LD4,5.04,6.124,5.457,5.027,5.114
7JVR,7.56,7.206,7.245,7.487,7.793
6GQO,7.92,7.96,7.804,7.951,8.204
5S8M,5.04,5.368,5.798,6.52,6.472
7LLA,6.45,6.614,6.562,5.849,5.647
6B73,7.56,6.934,6.984,7.13,7.408
6ZX0,5.04,6.285,5.045,4.692,3.963
6SLX,6.45,5.842,6.052,6.016,5.632
7KK4,9.0,7.254,6.411,6.297,6.095
8GUD,7.66,7.521,7.478,7.507,7.532
8EX0,7.66,6.208,7.275,6.541,7.117
6VXU,8.37,6.938,8.455,8.595,9.04
8W8K,5.04,6.394,6.085,6.464,5.756
8FHG,5.23,6.937,6.273,6.353,6.931
7FSL,6.45,5.538,5.86,5.583,5.074
7VDQ,8.37,7.559,8.026,7.96,8.024
7WI6,5.96,5.247,5.956,6.791,6.202
8JTS,6.45,6.823,5.51,5.765,6.394
7BSP,5.04,6.081,5.442,5.413,4.774
7SED,7.56,6.963,6.985,6.631,6.003
8P6Z,5.23,7.492,6.294,6.72,7.021
6WPP,7.92,7.306,7.808,8.126,8.036
7U9A,5.23,7.108,6.095,6.38,6.775
6RLQ,5.96,6.875,6.075,5.885,5.563
7KTR,5.04,7.034,5.599,6.67,6.59
6P3A,5.96,6.939,6.421,6.925,6.627
5SAV,7.66,6.333,6.951,6.627,7.021
8BA3,5.23,7.57,6.22,7.612,7.337
8A92,5.04,6.938,5.421,6.512,5.968
9CFM,5.04,4.805,5.434,5.293,5.267
7DHV,7.92,7.444,7.952,8.299,8.128
7FV7,5.96,7.285,6.62,6.892,6.981
7UXV,5.04,3.708,5.178,5.801,4.897
8QTG,7.72,7.061,6.713,6.523,7.51
7G88,6.45,5.778,6.409,6.751,6.46
7FCG,5.04,6.682,5.809,5.776,5.829
8GOF,7.66,6.972,6.803,7.531,7.361
8U5C,7.72,7.045,6.678,6.956,6.767
7F9Y,5.04,6.883,6.19,6.948,6.763
6VRV,7.46,7.519,7.039,6.666,6.925
7DVQ,5.04,6.832,5.368,5.669,5.381
9AU9,5.96,4.981,5.95,6.242,6.368
6YVS,6.7,6.619,7.047,6.946,7.109
8EUC,5.96,6.801,5.796,5.952,6.453
8V6W,5.96,6.649,6.288,7.022,6.403
8STI,6.45,6.748,6.517,6.86,7.141
7T4I,7.66,8.009,7.506,7.3,7.285
7JOU,6.7,7.343,7.037,7.138,7.242
8ARJ,7.92,7.01,7.823,7.587,7.84
8DU6,5.96,6.93,6.463,5.971,6.532
8BZI,5.23,7.255,6.247,7.083,6.614
8E8D,5.04,6.136,5.501,5.453,5.3
9EEA,5.04,5.531,5.31,5.255,4.828
7G8G,6.45,5.195,6.406,6.06,5.333
5RK4,5.04,6.468,5.932,5.884,5.577
9FZQ,5.04,6.812,5.306,5.632,5.062
9JBH,5.04,6.897,6.025,6.916,7.164
8IPZ,5.04,3.569,5.249,5.923,5.7
7FUX,3.125,7.242,6.157,7.915,7.355
8AM2,5.04,3.619,5.627,6.757,6.706
5Z90,7.66,5.99,7.053,6.493,6.032
6X3D,6.125,6.928,6.414,5.656,5.262
7RS4,7.66,6.994,7.193,7.066,6.814
6UV5,6.45,6.781,6.52,6.102,5.97
6YF3,7.72,6.931,6.611,6.135,6.059
6L17,7.46,6.94,7.121,7.251,6.757
8ASF,5.23,6.914,6.287,8.153,7.598
8R9O,5.23,7.951,6.214,6.357,6.658
6VEZ,5.04,5.395,5.426,5.037,4.182
7G0L,5.96,6.692,6.287,6.295,6.801
8PPI,5.04,6.322,5.588,6.358,6.341
5RKC,6.45,6.075,6.399,7.45,6.644
7O1W,6.45,6.937,5.861,7.334,6.996
7FV3,5.23,6.709,6.705,7.372,7.298
8BYF,5.96,5.839,6.284,6.044,6.521
8HUK,5.04,6.36,5.801,5.35,5.228
8XWD,5.04,3.669,5.342,5.072,4.616
8E5B,5.04,6.946,6.204,6.542,5.579
6T3C,7.66,7.699,7.476,7.928,7.657
8FKE,5.23,6.933,6.34,8.042,6.986
6QST,6.7,6.601,6.911,6.032,5.826
6Z88,5.04,7.321,5.608,5.392,5.163
6Q9L,7.46,6.948,7.255,6.485,6.701
7G82,5.04,4.768,5.262,3.6,4.462
6YIL,3.125,6.711,6.205,6.642,6.782
6G0E,5.96,6.92,6.705,6.956,6.728
6MH7,7.66,6.703,7.34,7.714,7.295
7BJD,7.46,7.377,7.143,7.472,7.25
5Y2T,7.92,6.943,7.712,7.336,7.02
7RUW,6.45,6.18,6.335,7.135,7.049
7H9U,8.59,4.406,5.356,5.015,4.697
7Z6L,7.66,6.938,7.741,8.258,8.219
6T1V,6.45,6.948,6.531,6.098,5.888
7RKE,7.92,7.469,7.455,7.968,7.87
7C7B,5.96,7.094,6.394,6.319,6.091
7G1C,7.72,6.736,6.433,6.052,6.684
9LVC,5.04,3.746,5.322,6.037,5.7
6SFR,6.45,6.788,6.682,6.877,7.043
8DMS,5.04,6.731,5.56,4.827,5.446
7OY5,7.66,7.856,7.523,7.914,7.474
8PQ0,5.23,4.941,6.317,6.057,6.444
7E5I,7.66,6.475,7.348,7.384,6.969
7E2H,5.96,5.357,6.339,6.424,6.301
7R7S,5.04,6.945,4.986,4.52,4.198
8K78,9.0,6.619,6.91,7.48,8.129
9AS4,7.72,5.834,6.708,7.336,7.167
7QHG,7.66,7.99,7.716,8.343,7.92
6PMB,7.66,7.675,7.394,7.42,7.309
8TK3,5.96,4.824,6.025,6.336,5.587
6DI9,7.56,8.241,6.772,7.647,6.97
7KX6,7.46,7.031,7.404,7.565,7.266
8E2M,5.23,7.663,6.206,6.294,7.154
8JFL,5.04,6.34,6.143,6.776,7.266
8UC9,5.96,5.327,6.175,5.753,6.241
7SCD,7.505,6.939,6.115,7.384,6.387
7RXV,5.04,5.952,5.525,5.093,4.883
7M43,5.96,4.429,5.839,5.295,5.19
7RAN,5.96,5.309,6.509,6.447,5.782
7OLX,7.92,7.635,7.913,7.709,8.046
7G19,5.96,6.938,6.372,6.169,6.808
8P7J,5.23,7.449,6.364,7.553,7.19
6UKX,8.59,6.936,6.405,7.264,6.607
7ZUN,7.46,7.19,7.029,7.39,6.873
6SQE,7.46,6.738,7.17,6.707,6.846
6DXK,7.72,6.887,6.729,6.939,6.401
7G8I,5.96,6.789,6.027,6.282,6.226
8PO4,5.23,7.455,6.096,6.433,6.148
8CIJ,5.23,7.152,6.275,7.26,7.146
8W03,6.05,6.699,5.542,5.032,4.886
9DNM,5.96,6.771,5.703,5.237,4.84
7VBT,8.15,7.441,7.411,7.844,7.103
8DUG,5.96,6.822,6.472,6.152,6.78
6MXE,5.96,6.766,6.492,6.685,6.027
7FZ3,5.96,5.585,5.986,6.039,6.396
6VGH,7.66,7.266,6.74,6.735,6.305
7REK,7.66,6.424,7.332,7.402,6.91
7B8W,6.595,8.037,7.803,7.776,7.705
7QVJ,5.23,7.018,6.341,6.233,6.974
6CD4,7.66,7.108,7.258,8.298,7.982
8AQC,5.23,6.867,6.154,6.009,6.25
8BWJ,7.6,5.903,6.425,6.575,7.129
8G0H,3.125,6.925,5.909,7.501,6.746
7MHZ,6.45,6.789,6.462,6.478,6.295
8CQK,3.125,6.939,6.255,6.682,7.202
7G84,5.23,6.463,6.268,8.709,7.626
7AK3,7.46,8.036,7.274,7.475,8.001
7WGN,6.595,6.68,7.164,7.337,6.933
7F80,6.595,6.562,7.282,6.94,6.752
8EXU,5.23,7.228,6.52,7.508,7.499
7VPI,5.04,5.891,5.573,5.527,5.673
8P72,5.23,7.564,6.339,6.73,7.164
7FVC,5.23,6.368,6.058,5.878,6.768
7EJV,7.92,8.035,7.979,8.063,8.023
8C3G,5.23,7.278,6.018,5.492,6.327
7RS7,6.05,7.072,5.951,5.853,5.542
7G8F,5.96,5.584,6.177,6.829,6.948
7UUU,7.46,7.628,7.202,7.188,6.47
7AW4,7.92,7.475,7.554,7.597,7.208
8BW3,5.23,7.203,6.648,7.843,7.801
8PQF,5.23,7.719,6.549,6.419,7.139
7M3J,6.45,7.187,6.321,6.544,6.505
7VD9,5.04,6.748,5.722,4.589,4.668
7KBS,4.01,7.325,6.179,5.847,6.108
8RB6,5.04,6.938,5.893,6.276,6.442
7FUU,3.125,7.202,6.156,6.906,6.933
8BZJ,5.23,7.124,6.129,6.835,6.645
7FUS,5.96,7.168,6.315,6.547,6.712
5Y2O,8.59,6.997,6.712,6.736,6.471
7A1B,6.7,6.397,6.187,5.585,5.422
8HNC,6.7,6.848,6.493,6.006,5.868
7OB3,5.96,6.806,5.77,4.576,5.222
8V77,5.96,6.82,6.247,6.809,6.616
8CHF,5.96,7.153,6.246,7.396,7.042
6TD3,6.45,7.749,7.256,7.008,7.165
8GMC,7.46,6.938,7.456,7.65,7.808
9C18,5.04,6.938,5.787,5.499,5.422
7ATU,8.37,8.324,7.846,8.417,7.947
7PRX,3.125,6.944,6.167,7.307,7.087
6XIH,5.23,7.59,6.581,6.408,6.709
7S99,6.45,5.31,6.075,5.08,5.012
6Q4C,5.04,5.359,5.198,4.498,4.217
6BMY,5.96,6.954,6.853,6.081,6.379
7DPO,7.46,6.824,6.872,6.305,6.537
7AKF,7.92,6.304,7.436,7.313,7.679
7EFQ,8.59,6.94,6.846,6.236,6.777
7DH9,7.92,7.186,8.012,8.164,7.979
8BX0,5.96,5.707,6.27,6.049,6.624
7AJ8,6.7,5.523,6.304,5.88,6.084
8CSR,5.04,4.042,5.211,4.969,4.746
7Q13,5.04,6.253,5.433,5.183,5.035
7CHN,7.92,7.676,8.153,8.809,8.714
7YAJ,5.04,5.552,5.559,5.721,6.023
7FVK,3.125,7.214,6.091,6.259,7.039
7FVD,5.96,6.975,6.437,7.117,6.787
9CFZ,5.04,4.652,5.434,5.304,5.218
7R9N,7.46,8.034,7.389,7.988,7.354
6JJ3,7.66,6.1,7.411,7.258,7.234
7HAP,5.04,4.611,5.673,5.271,4.637
6XRM,8.37,8.819,8.359,8.823,8.784
8FEC,5.96,7.239,6.541,6.519,6.611
7AVY,8.37,7.964,7.947,7.467,7.785
8ZMY,5.96,4.675,6.379,6.511,6.954
8IVG,5.23,6.949,6.342,6.485,6.191
7EM7,5.04,5.757,5.297,5.553,5.681
7CHM,7.92,7.834,8.136,8.543,8.379
7PJN,7.66,6.888,7.355,6.835,6.932
7NN2,5.04,5.098,5.444,4.741,4.587
7M0T,7.92,7.043,7.96,7.598,7.546
7JXH,7.92,8.046,7.851,8.473,7.898
7VWF,5.04,6.298,6.272,7.149,6.842
7AB2,7.56,7.149,7.113,6.867,7.169
5RKE,5.04,5.678,5.379,5.783,5.929
8YGW,8.37,7.282,7.894,8.6,8.562
6Q9O,7.46,7.029,7.34,7.324,7.167
7G9G,6.45,6.802,6.308,6.403,6.85
7UP5,5.04,6.463,5.473,5.12,5.601
7DHO,6.7,7.247,6.999,6.45,6.538
7O9Y,6.7,5.964,6.284,6.151,6.147
6RQ7,5.96,5.49,5.903,6.152,6.847
8X5K,7.66,7.783,7.533,8.14,8.079
8A62,3.125,6.938,5.953,6.92,7.128
6L1Z,4.85,5.816,6.262,6.186,5.898
8V78,5.96,7.09,6.157,6.539,6.366
8DUI,5.96,6.873,6.456,5.99,6.895
7N7L,7.66,6.443,7.401,7.699,7.45
7OVJ,7.46,8.531,7.523,7.519,8.128
7G8B,6.45,5.277,5.891,5.37,5.858
7K6O,7.66,7.995,7.514,8.128,7.769
9C57,5.04,6.938,5.164,5.099,4.703
7LOT,6.45,6.828,6.266,5.474,5.376
5S8F,7.56,5.628,6.33,5.615,5.702
6PDO,6.7,7.008,6.433,5.962,6.028
6U9A,7.66,7.006,7.154,7.088,6.622
6M4U,7.72,7.0,6.754,6.385,6.882
5RJP,5.04,7.807,6.009,5.684,6.231
9BQE,5.96,6.882,6.413,6.017,6.957
6UKV,8.59,6.941,6.407,7.287,6.79
6UIP,7.46,8.099,7.307,7.431,7.615
6CPG,7.66,6.785,7.146,7.366,7.259
7FZO,5.96,6.924,6.247,6.172,7.082
7G8V,3.125,5.64,5.895,5.803,6.804
6MD9,5.04,6.824,6.088,6.437,6.243
8UOJ,5.96,7.756,6.269,6.806,6.678
6HWV,7.92,6.919,7.806,7.989,8.08
8X73,5.96,5.295,5.929,5.957,6.322
5ZYK,5.96,6.944,6.202,6.879,6.6
7UJY,7.66,7.674,7.02,7.146,7.154
7UG1,5.23,7.333,6.104,6.929,7.054
8YF1,7.72,6.125,6.574,7.504,6.709
6Z2V,7.46,6.533,6.802,6.118,6.804
7M2K,6.45,6.808,7.091,7.073,6.967
7RS2,6.05,7.014,6.379,5.675,5.667
7R9V,7.66,7.266,7.401,8.549,8.373
7MXG,6.125,6.8,5.906,6.641,5.495
9C56,7.505,6.952,6.702,7.639,7.017
7NMX,6.45,4.79,5.893,5.48,5.597
7NPB,5.04,5.975,5.419,4.645,4.623
6RP6,5.96,5.436,5.835,5.35,4.933
6DO2,5.04,6.513,5.755,5.362,5.293
7OVN,7.92,7.846,7.815,7.589,7.836
6VZL,6.45,7.175,6.626,6.499,6.834
6YT6,6.7,7.192,7.258,7.597,7.697
8FLM,5.23,6.938,6.186,6.697,6.61
7FVL,5.23,7.126,6.463,7.847,6.686
7R9Y,7.66,7.01,7.291,7.809,7.787
7AJV,7.92,7.026,7.598,7.479,7.122
5RJS,5.23,7.403,6.597,6.936,6.763
5RKA,5.04,7.234,6.046,6.907,5.629
8BYB,5.96,6.239,6.208,6.552,7.149
6X81,5.04,7.039,5.665,5.93,6.339
6WXN,7.92,8.158,7.83,8.061,8.189
7KHH,6.595,6.949,7.759,7.555,7.193
8WTA,5.04,7.195,6.205,6.783,6.893
7FVY,5.96,6.691,6.319,6.002,6.787
6YF2,7.72,6.887,6.605,6.525,6.147
7FVN,5.96,7.152,6.486,7.012,7.531
8HNH,5.23,7.222,6.965,6.966,7.246
5RJW,8.59,6.238,6.03,5.614,5.884
7UAF,5.96,4.861,5.695,4.96,6.049
8GJX,5.96,6.938,6.474,6.75,6.18
8BX4,5.96,5.803,6.242,6.21,6.51
7Q7K,7.92,6.041,7.673,7.605,7.5
8AAO,5.23,6.838,6.356,5.804,6.841
7AW1,7.46,7.482,7.461,7.379,7.209
8FCA,7.72,7.044,6.139,6.8,6.625
7L99,7.66,7.652,7.437,7.952,7.987
7QJG,6.45,7.327,6.697,5.718,6.581
7B32,7.92,9.435,7.996,7.881,8.547
7Q7I,7.92,8.242,7.874,7.982,7.884
6LCB,6.45,6.328,6.577,6.763,6.705
7RBE,5.04,5.916,5.441,6.059,5.462
7FVQ,5.96,7.137,6.487,7.177,6.912
6KHD,6.7,7.07,6.947,7.065,7.172
7RRZ,6.595,6.959,7.033,6.897,6.479
5ZYM,5.96,6.73,6.158,6.446,6.234
7YIT,5.96,6.945,6.385,6.667,6.826
8U57,5.04,6.315,5.429,6.021,5.25
6J81,5.96,7.156,6.503,6.792,7.162
8X71,5.96,6.111,5.953,6.084,6.438
8U02,5.04,4.408,5.588,5.315,5.134
6OVA,7.56,7.777,7.295,8.376,7.698
6IF0,5.04,6.959,6.501,6.608,6.613
6TDC,7.92,6.849,7.251,7.017,6.903
7VJL,7.46,7.639,7.294,7.841,7.453
6CPF,5.04,3.696,4.843,3.958,4.259
8TYQ,5.23,7.478,6.398,6.731,7.204
6Q4F,5.04,3.313,5.01,4.013,4.001
9LIZ,5.04,6.709,6.199,7.151,6.45
5RKH,5.96,4.854,6.456,6.748,6.363
7SIU,7.66,7.68,7.549,8.102,8.371
7L24,7.46,7.395,7.375,7.271,6.891
7CHT,7.92,7.879,8.147,8.648,8.456
7BU4,7.92,7.75,7.621,7.851,7.528
7H9W,5.96,5.311,6.272,5.542,5.907
7XHY,5.23,6.81,6.24,6.852,6.63
7WGO,6.45,6.783,6.403,6.518,6.301
6VI4,7.56,6.516,7.076,6.945,7.415
7HB6,5.04,5.262,5.407,5.152,5.273
7VXG,5.96,6.938,6.797,6.024,5.869
7FUT,5.96,7.28,6.417,6.804,7.032
7JWE,7.56,7.027,6.983,7.704,7.475
8Q6R,5.96,6.738,5.587,5.357,5.531
6TNC,7.46,7.473,7.358,7.511,7.408
9IJP,5.04,4.607,5.46,6.123,5.978
5W5Q,7.46,8.84,7.624,8.667,9.091
6VXR,7.92,6.938,7.718,7.955,7.709
8P73,5.23,6.792,6.186,6.472,6.908
8Z7W,6.45,6.938,5.9,6.107,6.665
7R60,7.66,7.269,7.299,7.195,7.303
9AS7,5.04,5.941,5.984,5.331,5.201
7ONR,7.72,6.911,6.771,6.629,6.539
6V1K,7.66,6.548,7.142,7.287,7.038
6FDZ,7.46,7.312,7.452,8.112,7.545
8JL4,6.45,6.663,6.22,6.267,6.248
7FHT,6.7,6.939,6.918,6.654,6.714
8AUU,5.04,6.938,5.778,5.826,6.262
5RKF,5.04,5.292,6.032,6.084,6.13
6KHF,6.7,6.48,6.889,6.776,6.708
6OAV,6.45,6.508,6.669,6.507,6.167
7SZD,5.96,6.313,6.169,5.358,6.283
8WZJ,5.04,6.823,5.737,4.887,5.01
8CK8,7.6,6.936,6.461,5.043,6.056
8IT6,5.23,7.013,6.244,6.839,7.172
7AVZ,7.46,7.946,7.411,7.833,7.727
6TGU,7.92,6.851,7.377,6.624,7.485
8FP1,5.96,7.72,6.528,6.185,7.037
7KTH,5.96,6.774,5.983,5.642,5.55
9C42,5.04,6.912,5.651,5.448,5.669
7FVW,5.96,6.876,6.299,5.995,6.496
7A7H,6.45,6.546,6.884,7.261,6.657
5RKN,6.45,6.51,6.433,6.519,6.627
8EXV,5.23,7.327,6.521,7.11,7.615
8CZA,8.37,7.065,8.031,7.902,8.154
8BYY,5.23,5.96,6.066,5.971,6.591
7QGB,5.04,6.876,5.77,5.256,4.981
8FKC,5.23,6.936,6.259,7.332,6.706
8X7H,5.23,6.947,6.309,6.162,6.839
6Q1U,3.125,6.938,6.307,5.767,6.042
7S9X,7.92,8.462,7.389,8.201,7.161
6Z50,7.46,7.126,7.222,7.221,7.037
5RKY,5.23,6.821,6.167,6.697,6.837
7JGW,7.56,7.81,7.062,7.597,7.676
8BYN,5.96,3.815,6.147,6.922,6.681
6ZPD,5.04,7.192,6.514,6.08,6.404
8UN3,9.0,6.891,6.784,6.209,6.968
8UOL,5.23,7.209,6.346,7.455,7.226
6EGD,7.56,7.134,7.18,7.366,7.679
6Y1P,6.45,7.041,5.873,6.329,6.066
8U0H,5.23,6.898,6.222,5.411,6.407
9LJ1,5.23,6.886,6.364,6.69,6.421
8TUC,5.96,7.416,6.187,5.944,6.241
7JUO,7.46,7.232,7.19,6.693,7.417
7UP6,6.7,7.348,6.624,7.352,6.984
6M3I,5.04,5.377,5.708,6.553,6.207
6HP9,8.37,7.425,7.929,7.607,7.4
7FQH,5.23,6.934,6.267,6.634,5.764
7H9P,5.04,4.294,4.938,4.28,4.112
6XBM,7.72,6.976,6.645,6.155,6.721
6WNY,9.0,7.011,7.216,7.255,7.594
9BMH,5.04,4.985,5.698,6.242,6.15
6RJL,5.04,5.735,5.216,4.382,4.161
5RKT,5.96,6.355,6.121,5.252,5.682
8DV7,5.96,7.141,6.4,6.127,6.865
8TBU,5.96,6.976,6.637,6.989,6.914
7K15,6.45,6.943,6.466,7.287,6.921
7YI7,9.0,6.573,6.357,6.064,6.456
7TE7,6.595,6.872,7.017,6.623,7.271
7QVL,5.23,6.927,6.456,5.671,6.144
7JYS,5.04,5.584,5.686,5.061,5.104
8T99,5.04,6.485,5.407,4.214,4.448
8Q9S,7.46,8.633,8.125,9.744,8.726
7AJ5,6.7,5.292,6.425,6.35,6.001
8OG9,5.96,6.938,6.341,6.378,7.141
5RK8,5.04,5.294,6.263,6.943,6.985
6Y99,5.96,6.75,5.49,5.257,5.729
5SAU,7.66,7.12,6.833,6.592,6.513
9B14,5.04,6.934,5.348,5.705,6.138
6CZ5,6.45,4.845,5.967,6.539,6.054
8PA6,5.23,6.824,6.395,7.104,6.195
6KBA,6.45,6.825,6.86,6.655,6.757
6SUO,7.66,7.251,7.238,7.091,7.265
8HND,5.96,6.864,6.44,6.184,5.611
8BYE,5.96,6.105,6.236,6.465,6.791
7OQW,6.45,5.267,5.652,5.283,5.208
7YNQ,5.23,4.08,5.935,6.183,6.662
9ESZ,5.04,5.062,5.121,5.425,5.147
6QXK,8.37,7.76,8.302,8.126,8.153
7LAZ,7.66,7.115,7.296,7.248,7.26
6JWA,5.86,6.924,5.687,5.382,5.245
8G1U,5.04,6.23,5.531,5.093,5.003
7MIH,7.505,7.097,7.238,7.674,8.181
5RK3,5.04,5.433,6.078,6.002,5.998
6WH4,5.96,6.617,7.278,7.048,7.649
7BG3,5.04,6.934,5.862,5.822,5.931
6IZM,7.92,7.365,7.747,7.966,7.56
8HUL,6.595,6.451,6.855,6.898,6.461
7M5Z,5.23,7.304,6.685,6.536,6.694
6S39,5.04,5.043,5.136,4.281,4.093
7R4M,5.04,6.938,5.8,5.701,6.398
7AB1,7.46,6.497,7.361,6.883,6.661
8HUO,7.6,6.914,6.729,7.095,7.335
6SQF,7.56,6.827,6.712,6.754,7.155
6L13,7.46,5.468,6.92,5.987,5.917
7UGL,5.23,6.91,6.195,6.68,5.801
7UJM,6.595,7.693,7.0,6.802,6.807
8PM3,5.23,7.166,6.247,6.835,6.597
8S88,6.45,6.283,6.208,6.29,6.205
9FSH,7.72,6.802,6.629,6.423,7.132
7FYF,6.125,6.936,6.418,6.217,6.78
9CTV,5.04,4.641,6.136,5.852,5.991
7LAK,6.45,6.804,6.536,6.854,6.424
7FVF,5.96,7.447,6.361,6.435,6.609
7KK5,5.96,6.912,6.559,6.122,6.439
6SMA,5.04,3.819,5.916,5.762,6.438
8JEW,5.04,5.204,5.014,4.212,4.933
6ZOQ,6.595,7.427,7.483,7.592,7.773
5XQD,6.45,4.75,6.441,6.055,5.699
7ATS,7.66,7.807,7.276,7.872,7.628
7DHN,6.7,6.876,7.038,6.97,6.332
5S8I,7.56,6.67,6.278,5.729,5.969
6ZGV,5.04,5.118,5.411,5.268,5.35
9FET,7.66,6.694,7.322,6.801,7.156
7FSV,6.45,4.167,6.103,5.792,5.511
7FS1,5.04,6.144,5.326,4.295,4.879
6L15,7.46,6.198,7.076,6.469,6.399
6FBO,6.45,3.632,5.483,4.801,4.961
6B0F,4.01,7.198,6.108,6.018,5.538
8E8C,5.04,5.987,5.355,5.395,5.516
6WFV,5.04,5.895,5.754,5.815,6.24
5ZGG,5.04,6.938,4.995,3.37,3.77
8T82,5.04,3.562,5.459,6.132,6.125
6YVL,5.04,6.274,5.027,4.703,3.963
7Z6H,5.04,6.938,5.129,4.984,4.379
7G95,5.04,5.89,4.96,5.754,5.46
7BQ2,6.595,6.794,6.91,6.276,6.051
5RKX,7.6,6.564,5.898,6.385,6.451
8X92,5.23,7.468,6.11,6.359,6.695
8XY7,5.04,6.34,6.143,6.776,7.266
6MH1,7.66,6.674,7.522,7.864,7.56
7FVB,5.96,7.182,6.392,7.031,7.207
7FVJ,3.125,6.939,6.054,7.319,6.677
6S86,5.96,6.938,6.014,5.088,5.566
7ZI3,7.6,6.888,6.571,7.205,7.233
8DSZ,7.92,7.113,7.704,7.652,7.286
8OP9,5.04,5.973,5.811,7.742,6.928
9BU7,5.04,6.935,5.336,4.351,4.743
7KKE,6.595,8.105,7.318,7.761,7.396
7G9I,5.23,5.046,6.18,6.089,6.47
9F7W,5.04,4.772,5.569,5.071,4.642
8XSM,5.04,6.766,5.555,5.886,5.974
9ET7,5.04,5.36,5.099,3.943,3.991
6JJ5,7.66,6.687,7.116,7.194,6.906
8BX9,5.23,7.843,6.234,6.527,6.842
5RJZ,6.45,6.18,5.935,6.182,6.262
6ITM,5.96,6.524,6.468,5.034,5.803
6QE1,7.66,7.013,6.949,6.582,6.919
7DH3,6.7,6.859,7.051,6.656,6.606
8T5K,5.96,6.766,6.058,7.332,7.039
7ERA,5.04,6.938,5.671,4.799,5.27
6Q4A,5.04,6.729,4.954,4.607,4.354
8E8B,5.04,5.639,5.423,5.316,5.619
7O20,6.45,6.741,5.991,7.193,6.927
9INV,5.04,5.989,5.458,5.159,5.287
6UKW,7.6,6.94,6.399,7.37,6.526
7ZU2,5.96,7.065,6.369,6.147,6.478
7B1Q,6.45,7.135,6.997,7.153,7.598
6L11,7.46,5.801,6.886,6.411,5.957
7N3R,5.04,5.909,4.95,4.319,4.813
7AEI,7.66,7.946,7.561,7.192,7.49
8PAU,5.23,7.313,6.314,7.534,7.81
8HL7,5.04,5.481,5.162,4.678,4.729
8HCK,5.04,6.225,5.641,4.942,4.963
6TND,8.37,8.854,8.203,7.797,8.178
8BYD,5.96,6.211,6.182,7.009,7.445
6UO8,5.04,5.719,5.551,4.822,4.933
7KT3,5.96,5.346,5.777,5.261,4.626
8AAP,5.23,6.849,6.317,5.682,6.763
8JNZ,5.96,6.338,6.351,6.992,6.189
6XLO,7.92,7.347,7.934,8.407,8.147
9CGB,5.04,4.705,5.434,5.132,5.146
7LU5,5.96,6.504,5.799,6.641,6.288
7P4E,7.56,6.615,7.039,6.894,7.05
7GTR,6.45,6.279,6.187,5.924,5.766
7E0G,6.88,6.877,6.363,6.786,6.222
8QTH,7.72,7.019,6.704,5.98,7.468
7LH7,7.56,7.091,7.445,8.5,7.423
8FVF,7.46,6.917,7.315,7.228,6.509
6P3D,8.37,7.797,7.864,8.351,8.161
7CD9,6.45,6.946,6.23,5.908,5.669
7SFL,7.505,5.655,6.126,5.957,5.659
7NWK,6.7,7.128,7.23,7.71,7.545
6UKY,8.59,7.15,5.937,6.165,5.612
6WUZ,5.04,3.564,5.621,6.748,6.706
9CQC,5.04,2.986,5.48,6.229,6.092
7XYH,5.96,6.298,6.237,6.787,6.86
8KEI,5.04,5.904,6.355,6.594,7.296
6SLW,5.04,5.015,5.369,4.706,4.525
5RKO,8.15,7.628,6.659,7.028,6.043
8P71,5.23,7.751,6.311,6.464,6.853
7NEL,5.96,5.913,6.667,6.373,6.095
7ERB,5.04,6.938,5.831,5.183,5.237
8V72,5.96,6.911,6.267,6.672,6.471
9IWO,5.23,6.912,6.314,6.411,6.387
7G1R,5.96,6.949,6.396,6.678,6.661
8DV5,5.96,6.928,6.455,6.07,6.638
6YIJ,5.96,6.938,6.109,5.874,5.529
7C2Z,5.86,5.965,5.793,4.658,5.618
6X1M,6.45,7.319,6.732,7.298,7.008
5S8E,5.04,5.348,6.135,5.434,4.977
6IEZ,5.04,7.115,6.497,6.792,6.91
7UN7,5.96,4.707,5.826,5.446,5.153
8OME,5.96,7.015,6.115,5.022,6.163
7VWH,6.45,6.777,6.814,6.837,6.308
7HB1,5.04,4.75,5.095,4.528,4.472
7D3E,5.96,6.936,5.862,5.075,5.025
8SS7,5.04,6.857,5.953,6.59,6.79
6UX9,7.505,6.65,7.072,7.454,7.075
8JL3,6.45,6.938,6.799,7.089,7.539
7G8P,5.96,6.713,5.838,5.396,5.951
7ZVT,5.04,6.932,5.604,6.433,5.899
8TSB,5.23,7.504,6.389,6.698,6.809
6NN4,5.04,6.328,5.414,4.48,4.603
8UQ7,5.96,5.22,6.279,6.979,7.197
5RKI,5.96,6.689,6.403,6.82,5.458
6Y6F,7.66,6.871,7.175,7.248,7.091
6V87,7.66,6.611,6.567,6.222,5.935
6PZP,5.23,6.988,6.472,6.705,6.72
7AAC,5.96,7.285,6.417,6.589,6.412
6X85,8.15,7.07,6.21,6.4,6.551
8U56,5.04,6.779,6.241,7.252,7.23
7OBL,7.72,7.041,6.274,6.192,6.057
6YTG,7.46,7.426,7.092,7.118,7.206
8QNH,7.72,6.985,6.754,6.045,7.473
9JD9,5.04,6.003,5.917,6.047,5.485
7NFY,5.04,6.938,5.259,5.595,5.356
6ZOS,6.595,7.461,7.358,7.629,7.761
7DG4,7.92,6.922,7.863,7.666,7.585
5YV9,7.66,6.75,7.028,7.058,7.242
7FVO,3.125,7.047,6.043,8.885,7.252
8BY9,3.125,7.268,5.724,6.853,6.775
6YIM,7.56,6.291,6.798,6.44,6.929
5Y1J,7.66,6.735,7.299,7.423,7.527
7DPN,7.66,7.138,7.155,7.229,6.955
6V0U,7.505,7.163,6.802,6.064,6.826
7TRB,7.6,6.938,7.012,7.042,6.924
8BDM,3.125,6.939,6.219,7.362,7.184
7JGV,8.37,7.702,7.74,7.982,8.131
5Z8R,7.66,5.952,7.097,6.454,6.171
7W7X,7.66,8.431,7.44,7.433,7.676
6VKQ,6.45,8.159,6.819,6.032,6.158
8IJR,5.04,6.937,6.258,6.263,6.611
7KSJ,7.92,7.715,7.976,7.304,7.977
7FJF,7.72,7.33,6.693,6.816,7.081
8VNX,5.23,7.146,6.281,6.356,7.093
8J03,5.04,6.04,6.084,5.661,5.574
6KXX,5.04,6.917,6.391,6.251,6.097
7MR5,4.09,6.995,7.107,6.741,7.506
7FIC,7.66,6.986,7.489,7.799,7.547
7RS9,6.05,6.976,5.959,6.043,6.307
7UKZ,7.72,6.959,6.376,6.202,7.006
7U99,5.96,7.893,6.318,5.827,6.558
7NEZ,7.66,6.448,7.035,7.355,6.557
7Z5X,7.46,7.402,7.389,7.487,7.765
5RJJ,5.04,7.382,5.62,6.618,6.38
7G81,5.04,4.653,5.731,4.907,4.751
6GGN,7.66,6.653,7.411,7.27,7.368
6L12,7.46,5.541,6.922,6.108,6.395
6KZI,7.46,5.912,6.987,6.57,6.198
6L96,6.595,6.801,6.934,6.461,6.308
7V3S,7.92,8.045,7.836,8.115,7.93
7U8D,7.72,6.879,6.661,5.903,5.671
6OPI,8.37,7.317,7.927,8.182,7.446
7CR4,6.45,6.852,6.332,6.358,6.435
7ZRB,6.45,3.961,6.114,6.558,6.727
7WEU,6.45,6.736,6.253,7.028,6.496
5RKQ,6.45,6.799,6.728,7.626,6.558
8BDX,3.125,6.938,6.102,6.841,6.243
8ARW,3.125,6.344,5.905,6.367,6.389
6MDB,7.72,7.011,7.118,7.212,7.449
8F7U,5.23,6.927,6.358,7.281,6.3
8ENJ,5.23,7.146,6.17,6.425,6.763
8DBE,5.04,4.455,5.479,4.792,5.063
7N3N,7.505,6.008,6.133,5.975,5.979
7G9J,5.96,5.109,6.042,6.316,6.776
7LM2,7.66,8.531,7.561,7.399,7.927
8BFF,7.72,6.638,6.58,6.931,7.313
6T6F,5.04,3.081,5.457,6.214,6.152
6GQQ,7.46,8.02,7.285,6.926,6.992
7DHK,6.7,7.299,7.111,6.861,7.005
8V70,5.96,6.637,6.174,6.726,6.219
7KHJ,7.66,6.886,6.831,6.766,6.711
7R62,7.72,6.862,6.559,6.762,6.113
7YAW,5.23,6.991,6.231,6.806,6.854
7XI0,7.46,7.273,7.474,7.685,7.892
7ZLP,5.23,7.018,6.236,7.008,6.73
7W0G,7.6,7.133,6.786,6.382,6.025
7P1L,6.595,7.363,7.305,7.189,7.58
6MA1,6.45,6.969,6.457,6.318,6.092
7SHP,5.96,6.938,6.387,6.104,5.646
8UH0,5.96,5.979,6.169,5.776,5.984
6Y3U,7.505,6.866,6.607,7.289,6.287
7T0Q,5.04,3.418,5.253,5.118,4.601
7KW1,5.96,6.938,5.536,4.849,5.733
8K6L,5.96,6.903,6.324,6.405,6.616
7ERE,5.04,6.938,5.796,5.258,5.126
7OTP,5.04,6.838,5.269,4.69,5.007
7BZT,5.04,6.992,6.277,7.347,6.972
8BXQ,3.125,6.965,5.65,6.737,7.021
8WGB,5.23,6.695,5.951,7.834,7.204
8BF2,7.72,6.827,6.41,6.573,6.937
8U27,5.23,6.976,6.312,5.726,6.837
6X4H,6.45,6.439,6.245,6.477,7.265
7BDP,5.04,5.288,5.881,6.27,5.74
9CTG,5.04,6.085,6.19,7.103,7.134
6X5P,6.45,6.933,6.447,5.984,6.729
5YAK,5.04,6.983,5.851,6.464,5.918
6X86,7.66,7.166,7.622,7.519,7.552
7CLH,7.66,7.559,7.585,7.841,7.88
6PDI,6.7,6.868,6.481,6.749,6.759
7OQG,6.45,5.453,6.388,5.883,5.869
7EM2,5.04,5.119,5.177,5.366,5.284
7EM8,5.04,4.844,5.084,4.611,4.541
7G8K,5.96,6.756,6.319,6.975,6.816
7SQB,5.23,7.109,6.349,5.954,6.757
8OFA,7.505,6.426,6.229,6.788,6.497
7AJM,6.7,6.773,6.869,6.666,6.727
8BOX,7.72,6.938,6.507,5.179,6.478
7FV8,5.96,7.034,6.38,6.413,6.727
6C1B,7.66,8.08,7.535,7.908,7.621
7Q7L,7.92,6.946,6.941,7.179,6.616
7G97,5.04,4.428,5.061,4.791,4.858
7AJ7,7.46,5.922,7.226,7.262,7.102
5RKW,6.45,5.931,6.007,6.715,5.539
5RJV,6.45,6.657,6.305,6.453,6.875
5RKV,5.04,4.111,5.44,4.731,5.054
5RKR,7.6,4.275,5.528,4.612,4.768
8FJZ,5.96,7.031,6.397,5.866,6.922
6K0T,8.37,6.948,7.949,8.174,8.085
8F1Z,5.23,7.644,6.043,5.968,6.267
7XYD,6.45,6.576,6.367,6.314,6.222
7SSE,5.96,6.964,6.611,6.193,6.092
8PT9,5.23,7.161,6.057,5.793,6.467
8PTZ,5.04,6.567,5.669,6.046,5.747
9CBL,6.45,5.658,6.366,6.172,5.766
6XDB,7.92,8.005,7.88,7.709,8.241
6TEC,5.96,6.138,6.183,5.733,6.384
8C1K,5.23,6.926,6.199,6.07,6.696
8T4Y,5.96,6.156,5.729,6.023,6.299
7FXR,7.72,6.847,6.486,6.719,6.839
6MOM,7.92,7.845,8.052,8.474,8.138
8BEM,7.92,8.034,7.781,7.985,7.582
5S8H,5.04,4.733,5.873,6.311,6.484
8ILR,5.23,6.865,6.381,7.226,7.25
7AJW,7.46,6.684,7.35,7.597,7.42
8GVZ,6.125,6.648,5.221,4.615,4.786
7UGI,5.23,6.827,6.431,6.762,7.214
7FY5,5.96,6.676,6.51,6.039,6.44
6UBW,6.45,9.074,7.378,6.76,7.505
8GVX,5.04,6.832,5.965,6.237,6.549
6GIN,7.66,7.677,7.268,7.774,7.543
