PDB_CODE,DT_Pred,SVR_Pred,RF_Pred,GBR_Pred,XGB_Pred,Mean_4models
6XRM,8.1,8.76,8.3,8.62,8.3,8.5
6MOM,8.1,8.0,8.21,8.31,8.49,8.25
7CHT,8.1,7.94,8.36,8.25,8.43,8.24
6XDB,8.1,8.1,8.15,8.14,8.53,8.23
7JWZ,8.1,8.07,8.07,8.25,8.42,8.21
7NVQ,8.1,8.29,8.05,8.11,8.31,8.19
6VQM,8.1,8.1,8.04,8.33,8.27,8.19
7EJV,8.1,7.92,8.13,8.29,8.09,8.11
6XRL,8.1,8.09,7.94,8.15,8.22,8.1
7JXH,8.1,8.18,8.05,7.9,8.17,8.08
7C2V,8.1,7.82,8.23,8.07,8.02,8.03
6VQL,7.63,8.12,7.78,8.14,8.03,8.02
7L26,7.54,8.11,7.76,8.05,8.11,8.01
6HP9,8.1,8.06,7.81,8.19,7.9,7.99
7QGP,8.1,7.93,8.05,8.02,7.96,7.99
7ORF,7.54,7.88,7.75,8.21,7.99,7.96
6P3D,8.1,7.83,7.9,7.96,8.08,7.94
6WXN,7.54,7.74,7.86,7.8,8.16,7.89
8BEM,8.1,8.01,7.76,7.75,7.98,7.87
6YR9,8.1,7.72,7.84,8.19,7.74,7.87
8GUD,7.63,7.82,7.66,7.82,8.11,7.86
6TU9,8.1,7.73,7.9,7.85,7.81,7.82
7DHV,7.0,7.61,7.77,7.89,8.0,7.82
7O7J,7.54,7.7,7.87,7.93,7.69,7.8
6ZCQ,7.68,7.61,7.69,7.98,7.85,7.78
7AW3,7.68,7.73,7.65,7.79,7.9,7.77
7REM,7.54,7.51,7.74,7.86,7.94,7.76
7R9N,7.63,7.95,7.65,7.5,7.9,7.75
6YTG,7.63,7.55,7.55,7.92,7.95,7.74
7VBT,8.1,7.96,7.52,7.6,7.9,7.74
6WW8,7.68,7.84,7.53,7.79,7.79,7.74
6CJ2,7.68,7.65,7.52,7.89,7.88,7.74
6T3C,7.68,7.85,7.63,7.78,7.67,7.73
7DH9,7.0,7.5,7.8,7.82,7.8,7.73
7NWK,7.63,7.92,7.5,7.8,7.64,7.71
5S9R,7.68,7.96,7.54,7.56,7.75,7.7
8EXL,7.68,7.76,7.65,7.64,7.76,7.7
6TNC,7.63,7.76,7.49,7.94,7.62,7.7
7DJO,7.63,7.78,7.68,7.61,7.73,7.7
6GQO,8.1,7.56,7.7,7.8,7.75,7.7
6VNE,7.68,7.92,7.56,7.71,7.61,7.7
7DL6,7.63,7.67,7.7,7.64,7.76,7.69
7OVI,7.68,7.63,7.59,7.75,7.78,7.69
7K6O,7.0,7.87,7.56,7.77,7.55,7.69
8GUA,7.63,7.66,7.58,7.71,7.78,7.68
7AVY,7.0,7.85,7.84,7.64,7.39,7.68
7JRA,7.54,7.8,7.63,7.46,7.82,7.68
7JGW,8.1,7.47,7.61,7.65,7.97,7.68
7JUO,7.54,7.84,7.53,7.65,7.67,7.67
6GIN,7.54,7.79,7.46,7.56,7.8,7.65
